lat,lon,yyyy,obs,pred_av,pred_cc,pred_cm,pred_me,pred_js,pred_rk,pred_gs,state,ref_id,fold
33.48378,-112.14256,2010,8.371074,10.049999872843424,8.01793279507603,9.55866301369863,11.326836505001538,8.045629374755665,13.75688814658385,9.658534008085846,AZ,04-013-0019,7
33.48378,-112.14256,2011,10.261864,11.849999904632568,9.52971654237288,9.609054794520548,12.870403483142592,11.158779177115218,12.678923837103689,9.666023188170396,AZ,04-013-0019,7
33.48378,-112.14256,2012,12.21746,12.049999952316284,10.0483491555556,9.320765027322404,13.49722864197903,10.372420313796306,12.109930329780056,10.081815882631052,AZ,04-013-0019,7
33.48378,-112.14256,2013,10.173276,10.94166668256124,9.12794974148802,7.954556164383562,11.873121967707595,9.989120765901422,10.89937634061981,9.943559446312426,AZ,04-013-0019,7
33.48378,-112.14256,2014,9.881667,11.53333350022634,8.71051334915254,9.54962191780822,11.4194997140806,9.813015971754997,12.046775730101617,9.977804292678517,AZ,04-013-0019,7
33.410180000000004,-111.86536,2010,6.27,8.725000063578287,7.70975519386835,8.80921095890411,11.326836505001538,7.011009981370325,12.98684793645209,6.718083291635488,AZ,04-013-1003,8
33.410180000000004,-111.86536,2011,8.903361,9.866666714350382,9.06455866341464,8.91849589041096,12.870403483142592,9.044058180590254,12.190916967260968,6.721982503126448,AZ,04-013-1003,8
33.40314,-112.07526,2010,9.252893,9.491666674613953,8.44444955815135,9.31854794520548,11.326836505001538,8.48211252478703,12.515312138494554,9.247183423760344,AZ,04-013-4003,1
33.40314,-112.07526,2011,11.425641,10.991666634877523,10.1753600352113,9.512786301369864,12.870403483142592,9.5190686116381,11.589106620995553,9.25060292071941,AZ,04-013-4003,1
33.488131,-111.855443,2010,5.411864,8.775000015894571,5.53995702219041,8.6216,11.326836505001538,6.454116021938682,10.600516612713154,6.718083291635488,AZ,04-013-7020,8
33.488131,-111.855443,2011,5.003448,10.21666677792867,7.46062675017895,8.591493150684931,12.870403483142592,6.946360902864319,10.146744453645017,6.721982503126448,AZ,04-013-7020,8
33.488131,-111.855443,2013,5.270492,9.183333277702332,6.11278787912088,7.301567123287671,11.873121967707595,6.066930865513617,9.76518498672234,6.9179275810147605,AZ,04-013-7020,8
33.488131,-111.855443,2014,5.363934,10.28333326180776,6.08145350035791,8.658186301369863,11.4194997140806,6.398323035635639,10.738713858546792,6.955303900589165,AZ,04-013-7020,8
33.488131,-111.855443,2015,4.661702,8.766666611035665,4.18849548918641,7.3945630136986304,12.285812678402417,6.4870005244291535,10.248446852296263,7.6389518007560735,AZ,04-013-7020,8
32.67618,-115.48307,2010,12.866071,13.975000063578287,9.66228265551048,8.943605479452055,15.366882227544917,16.757261900308816,9.450210761892926,8.038456132640482,CA,06-025-0005,2
32.67618,-115.48307,2011,13.740206,14.383333206176758,10.5983618288145,9.984561643835615,16.8957942361701,15.180356635391895,9.00029954969228,7.987848258782796,CA,06-025-0005,2
32.67618,-115.48307,2012,14.956383,14.858333508173624,11.2360284495549,8.611530054644808,16.867338934882742,17.338823059834624,10.302991761246773,8.42263348120956,CA,06-025-0005,2
32.67618,-115.48307,2013,13.292623,13.583333333333334,9.06381968926554,8.283512328767124,17.307235893484663,13.408557001288042,9.782108575760663,8.358575495284551,CA,06-025-0005,2
32.67618,-115.48307,2014,13.672595,13.566666762034098,10.3126371196755,11.172005479452055,15.901201082255742,20.578208018509653,10.333110879410754,8.454491906055472,CA,06-025-0005,2
32.67618,-115.48307,2015,11.636364,12.574999888737995,8.80631968901846,9.553546849315069,15.532098928216383,17.112675198224192,9.564830773806834,10.3821469706939,CA,06-025-0005,2
35.356615,-119.062613,2010,14.226398,15.774999936421713,13.9195243602866,13.260986301369863,9.532560075472478,12.557832003878458,11.867106224154378,13.8714000696947,CA,06-029-0014,3
35.356615,-119.062613,2011,16.657091,17.21666677792867,13.5756714540271,13.842175342465753,10.847242669536644,14.901150549299212,11.280816646722648,13.647611809637729,CA,06-029-0014,3
35.356615,-119.062613,2012,12.833138,14.483333428700766,12.4866049377415,12.142696721311475,9.828265156250836,13.112656093989733,10.285895606589644,14.17773403466345,CA,06-029-0014,3
35.356615,-119.062613,2013,20.1377,18.108333190282185,18.5869261080753,15.915846575342464,10.709156353832924,17.989838706121027,9.616749840123314,14.752807815973885,CA,06-029-0014,3
35.356615,-119.062613,2014,18.552616,17.491666555404663,17.6916693961105,15.092808219178082,10.637914748387796,17.448749456783073,9.54773877282719,15.239171435278587,CA,06-029-0014,3
35.356615,-119.062613,2015,15.716835,15.600000143051147,14.9357739076923,13.973235616438355,12.26009976047359,14.840075677350328,9.698303804292784,17.576744839776136,CA,06-029-0014,3
35.324636,-118.99762700000001,2010,17.290566,14.175000111262005,14.3589076388889,12.95324383561644,9.532560075472478,16.90653688523254,10.03060214827349,10.049218857492953,CA,06-029-0016,3
35.324636,-118.99762700000001,2011,14.60531,15.325000127156576,15.064179753915,13.395106849315068,10.847242669536644,14.773567939552564,9.93741807276076,9.915013194551092,CA,06-029-0016,3
35.324636,-118.99762700000001,2012,14.652101,13.349999904632568,12.9254719285714,11.608565573770491,9.828265156250836,14.75905425591497,9.783457668513469,10.27170698558166,CA,06-029-0016,3
35.324636,-118.99762700000001,2013,22.301695,16.899999856948853,18.6278670698925,15.049808219178082,10.709156353832924,21.81315888294742,9.45890902031909,10.642853537490431,CA,06-029-0016,3
35.324636,-118.99762700000001,2014,21.772727,16.34999982515971,18.2000336805556,14.078978082191782,10.637914748387796,22.742743127422344,9.25231886106533,10.973824837445244,CA,06-029-0016,3
35.324636,-118.99762700000001,2015,18.03,14.600000063578287,15.2464434821429,13.058592602739726,12.26009976047359,21.43022915529145,9.581696125832233,13.001535450001136,CA,06-029-0016,3
36.102244,-119.56565000000002,2010,14.578313,14.724999984105429,13.5776017478152,12.17734794520548,10.18236358198401,18.031691391054903,7.576121188945823,11.196861072703298,CA,06-031-0004,7
36.102244,-119.56565000000002,2014,15.145794,15.183333158493042,14.9889534332085,15.336975342465754,11.267075315893512,19.307857324634643,7.182509187158647,12.510277973395633,CA,06-031-0004,7
34.01029,-118.0685,2010,12.495726,13.266666571299234,12.1712287711553,12.297057534246576,18.899143386213748,11.548136884924066,19.40298487720909,11.56750242078917,CA,06-037-1602,8
34.01029,-118.0685,2011,12.454386,13.958333412806192,12.4613749304912,12.800572602739726,18.79760321786959,12.190384980197734,18.466371058107732,11.540898335060778,CA,06-037-1602,8
34.01029,-118.0685,2012,11.861345,13.608333349227903,12.0689274466519,12.771934426229508,19.348752636727088,12.298200154689326,18.671891789893586,11.873096826501667,CA,06-037-1602,8
34.01029,-118.0685,2013,11.733333,13.09166661898295,11.4441640407785,12.312298630136986,19.372570387957847,10.979550220395328,16.493018129369716,12.035741213782329,CA,06-037-1602,8
34.01029,-118.0685,2015,11.483898,12.950000127156576,10.8791047457627,12.528021095890413,20.135145657683072,11.869260234975064,17.287406703273017,13.772293664488712,CA,06-037-1602,8
38.74643,-121.26497999999998,2010,6.648333,7.658333381017049,7.28002674816626,8.654049315068493,12.28753128574319,7.527080374360442,12.125812871443046,8.405826249184269,CA,06-061-0006,9
38.74643,-121.26497999999998,2011,8.462295,9.46666661898295,8.28667745484401,9.526739726027396,13.37846824175691,8.69386640777502,11.750091591706642,8.41050205986133,CA,06-061-0006,9
38.74643,-121.26497999999998,2012,6.501667,7.550000131130219,7.42625351331893,8.420450819672132,13.614972384249578,6.614934045342893,12.22160213091602,8.801299393305216,CA,06-061-0006,9
38.74643,-121.26497999999998,2013,7.431034,9.174999952316284,8.43026996168582,10.430257534246577,14.572984170260495,7.661865099241525,12.24169018635383,9.098915199648667,CA,06-061-0006,9
38.74643,-121.26497999999998,2014,7.780328,9.141666571299234,7.2968830651341,8.397860273972602,14.366842280348688,6.798255090564385,12.570571388517108,9.245541090774095,CA,06-061-0006,9
38.74643,-121.26497999999998,2015,8.006897,9.075000166893004,8.55762393767705,9.740388219178085,15.09020043007315,8.180255208727699,12.513380319862575,11.24480961224738,CA,06-061-0006,9
39.939567,-120.944376,2010,7.024561,8.049999872843424,6.30565001142857,5.960221917808219,7.079901835036605,8.43712468932785,3.786752499506942,7.448578896787866,CA,06-063-1006,10
39.939567,-120.944376,2011,10.835043,9.816666801770529,7.38801495241019,7.328857534246575,7.420780052550851,9.584692430090517,4.1110761945883,7.54118029940874,CA,06-063-1006,10
39.939567,-120.944376,2012,9.514286,9.40833342075348,6.27811670012547,6.384707650273224,10.877543813869602,6.8583946354229735,4.191434272317445,7.516120982854113,CA,06-063-1006,10
39.939567,-120.944376,2014,9.005556,8.733333508173624,7.2067092416334,6.946630136986301,9.834913799534103,6.7062975653849914,4.270545739598654,7.16928935256374,CA,06-063-1006,10
39.939567,-120.944376,2015,9.047706,8.68333331743876,7.07293926744186,7.80559106849315,10.078586946448237,7.044223878537466,4.514937831866709,8.297646301042176,CA,06-063-1006,10
33.99636,-117.49239999999999,2010,15.199118,14.233333508173624,12.6385864439141,13.65377808219178,14.721253579283411,13.90093379528006,17.396177047556574,12.2225170677839,CA,06-065-8005,4
33.99636,-117.49239999999999,2011,15.423324,14.533333539962769,12.7617369507676,13.683216438356164,14.856805517248912,14.260449705959282,16.158886164754303,12.09515369170388,CA,06-065-8005,4
33.99636,-117.49239999999999,2012,15.092,13.708333253860474,12.0588144310823,13.37953825136612,15.514779252432737,14.38945727432856,16.897202800724603,12.336473996464347,CA,06-065-8005,4
33.99636,-117.49239999999999,2013,14.106761,12.78333330154419,11.7703922181048,12.583397260273973,16.25206695713409,13.372981333593517,14.328317804650943,12.4468702455346,CA,06-065-8005,4
33.99636,-117.49239999999999,2015,13.473193,12.56666660308838,11.0060070871261,12.78707397260274,16.52952377698193,12.274041835153929,14.563482558334266,14.145525090604472,CA,06-065-8005,4
38.56844000000001,-121.49311,2010,8.080992,7.866666674613953,7.63976203363914,8.657843835616438,12.28753128574319,9.187536592904836,13.917258165694856,8.157548869738786,CA,06-067-0010,9
38.56844000000001,-121.49311,2011,10.074797,10,9.07094422330097,10.367671232876711,13.37846824175691,9.09695102541457,12.806549420068553,8.12556591759719,CA,06-067-0010,9
38.56844000000001,-121.49311,2012,8.321849,7.958333373069763,7.63025034443169,8.996010928961748,13.614972384249578,8.460886244716061,9.717050099046263,8.561279664382438,CA,06-067-0010,9
38.56844000000001,-121.49311,2013,10.111765,9.708333373069763,9.69311121359223,11.276950684931506,14.572984170260495,10.85275538277565,9.914603840518785,8.88688724852702,CA,06-067-0010,9
38.56844000000001,-121.49311,2014,8.043902,8.458333333333334,7.8834189158576,9.612591780821916,14.366842280348688,9.302411952459,10.344706785547864,9.090178659709986,CA,06-067-0010,9
38.56844000000001,-121.49311,2015,9.598291,9.53333334128062,9.7490024021164,10.644031232876712,15.09020043007315,8.518961062808083,10.794896762449662,10.750872167498864,CA,06-067-0010,9
34.26464,-116.86147,2010,7.635849,5.791666666666667,6.10274778741865,6.517375342465754,8.687228197594212,5.728590096053218,3.045062287608264,7.341456454420928,CA,06-071-8001,1
34.26464,-116.86147,2011,8.550909,6,6.72772554716981,7.618331506849315,9.45723118194162,7.5903993528526446,3.173543192937479,7.358188635941461,CA,06-071-8001,1
34.26464,-116.86147,2012,8.280769,6.324999968210856,6.98466242324561,7.1806174863387975,9.883456378035207,6.646410844925728,3.472144563883951,7.534379687152482,CA,06-071-8001,1
34.26464,-116.86147,2013,9.767797,6.558333396911621,7.86239428767123,7.040490410958904,11.318008854617812,9.376443598803403,3.33098021960193,7.418974042735436,CA,06-071-8001,1
34.26464,-116.86147,2015,7.610345,5.383333345254262,5.72806372017354,7.17306997260274,10.621526900382891,6.102832192043737,3.129967679771094,7.869403260391241,CA,06-071-8001,1
34.106678,-117.274063,2010,11.171429,12.96666677792867,10.85121091355,11.936569863013698,14.721253579283411,11.720174959914337,13.691128517900196,10.2332240684771,CA,06-071-9004,2
34.106678,-117.274063,2012,11.762617,13.616666475931805,11.3969495506057,11.461704918032789,15.514779252432737,12.507168124038296,14.597517889493131,10.38148009427897,CA,06-071-9004,2
34.106678,-117.274063,2013,11.413636,12.666666746139526,10.8021851644941,10.771764383561644,16.25206695713409,11.689718045519616,12.860082522198397,10.423754927374071,CA,06-071-9004,2
34.106678,-117.274063,2015,10.680909,11.62499992052714,9.77572141017781,10.699037808219176,16.52952377698193,10.02278116589052,12.480157089429897,11.648381801161202,CA,06-071-9004,2
32.631242,-117.059088,2010,9.591089,10.633333365122477,9.68189425864519,10.093065753424655,14.059132406156357,9.973111680247165,13.03997590974137,9.644227118918447,CA,06-073-0001,3
32.631242,-117.059088,2011,10.001869,10.90833342075348,8.29547886306002,10.304624657534246,13.899909327781364,10.497352985048485,11.9934599674665,9.578372845684047,CA,06-073-0001,3
32.631242,-117.059088,2012,10.271429,10.90833338101705,9.14086214814032,10.084521857923498,15.144777396989,10.166353799445528,13.017714030775306,9.81138779457386,CA,06-073-0001,3
32.631242,-117.059088,2013,9.490909,10.69166652361552,8.76091057895801,9.818049315068492,14.645201421110595,10.036221717147948,11.564794178847428,9.896232156245182,CA,06-073-0001,3
32.631242,-117.059088,2014,9.244538,10.508333285649618,7.66530174563591,10.20815890410959,14.75546003825044,9.995462731689718,12.67207745208845,10.072791282364983,CA,06-073-0001,3
32.631242,-117.059088,2015,8.409322,9.483333309491476,8.35343768829939,8.768186301369862,14.412379630624432,8.466886031611123,11.574794741777271,10.231689023008167,CA,06-073-0001,3
33.127769,-117.075086,2010,10.544144,8.958333134651184,9.65470904290429,9.964375342465754,13.134136488013072,11.470656496258846,12.30070031442485,9.656386343238124,CA,06-073-1002,4
33.127769,-117.075086,2011,10.391667,9.483333349227903,9.79827455801105,9.737271232876711,13.771354689010202,10.286036789657087,11.306335579562973,9.61144916552375,CA,06-073-1002,4
33.127769,-117.075086,2012,10.574167,9.508333365122477,9.18166215781783,9.815161202185791,15.099474773380926,10.77966511999285,12.892263384061318,9.790818466374752,CA,06-073-1002,4
33.127769,-117.075086,2013,10.556303,9.333333214124044,9.82746894389439,9.454893150684931,14.290531256427505,12.010779749786284,11.412381831433748,9.762842021972382,CA,06-073-1002,4
33.127769,-117.075086,2014,9.561157,9.666666706403095,9.29796767955801,9.62633698630137,14.473434812728671,9.780085710962693,11.989596844701977,9.86226927006645,CA,06-073-1002,4
35.25651,-120.6693,2010,5.520339,7.516666730244954,5.72128847115385,7.964372602739726,10.787240524814552,6.123712034501948,5.622605791622465,6.724701165377456,CA,06-079-2006,5
34.210169,-118.87050900000001,2010,8.737705,7.641666571299235,9.19883112554113,8.969556164383562,21.230821026841255,9.636882760855176,9.5131049991309,9.452691062230938,CA,06-111-0007,6
34.210169,-118.87050900000001,2011,8.663934,8.150000055631002,8.89218297077922,9.404216438356164,21.2732231662698,9.431059037157468,8.897822285091484,9.359533750943598,CA,06-111-0007,6
34.210169,-118.87050900000001,2012,8.91,7.891666690508525,9.28120189935065,9.187781420765027,21.973698608210828,9.973895756511086,8.861926090554014,9.653362665180715,CA,06-111-0007,6
34.210169,-118.87050900000001,2013,8.630508,7.575000047683716,8.94435369047619,9.382545205479452,21.711309999962378,9.690802857382728,7.724064283318572,9.749519529718642,CA,06-111-0007,6
34.404281,-118.80997999999998,2010,8.577966,8.724999984105429,8.56655141233766,8.427386301369863,12.948380476807896,9.161234461726073,6.277353453357796,8.642435535613028,CA,06-111-0009,7
34.404281,-118.80997999999998,2011,7.727119,8.600000023841858,5.91040998778999,8.94315890410959,13.107060125429337,8.819349075016891,6.230414467853504,8.538585338767845,CA,06-111-0009,7
34.276316,-118.68368499999998,2010,8.716529,9.883333404858908,9.3019457663126,9.468756164383562,12.948380476807896,9.965952364713162,9.255771698860022,9.415846018605874,CA,06-111-2002,8
34.276316,-118.68368499999998,2011,8.768696,9.958333412806192,9.00606190692969,9.906693150684932,13.107060125429337,9.753784747403625,8.71541528911381,9.31260394194604,CA,06-111-2002,8
34.276316,-118.68368499999998,2012,9.352542,9.825000047683716,9.53664509863429,9.621934426229508,13.545453369943171,10.548131553000324,8.77919148239371,9.57377839135942,CA,06-111-2002,8
34.276316,-118.68368499999998,2013,8.99009,9.349999944368998,9.30083864441072,9.64733698630137,13.815788979726294,10.399893761207007,7.5328748393189775,9.683135626400825,CA,06-111-2002,8
34.25239,-119.14318200000001,2010,8.455,8.833333174387613,8.85306806267806,8.627468493150685,20.343101566785,8.91744475700598,8.964518555900552,9.883101676591014,CA,06-111-3001,9
34.25239,-119.14318200000001,2011,8.87479,9.633333325386047,7.123370523918,9.040780821917808,20.155471179909902,8.776424897404686,8.370787512470077,9.762744351233724,CA,06-111-3001,9
34.25239,-119.14318200000001,2012,8.830435,9.050000031789144,8.96658902184235,8.494543715846994,21.089735192679317,8.066427216898541,8.3187075539811,10.019222334307957,CA,06-111-3001,9
34.25239,-119.14318200000001,2013,8.991803,9.424999912579857,6.6442384738041,8.866654794520548,21.139157156748315,9.335317587094623,7.318909360484763,10.1799266838384,CA,06-111-3001,9
36.163962,-115.11393000000001,2010,7.372807,6.083333412806193,6.76665352226721,9.996950684931509,7.558489818442358,8.047843397077258,14.83718064394626,9.413246818754905,NV,32-003-0561,10
36.163962,-115.11393000000001,2011,7.25042,6.208333333333333,7.57708461114935,9.19422191780822,7.780338961784154,8.614230384959459,15.160576779763778,9.491120156024577,NV,32-003-0561,10
36.163962,-115.11393000000001,2012,8.591346,6.825000047683716,7.97443082802548,8.188371584699453,8.380948342586475,8.977157694354776,12.690779497198864,9.582448374638467,NV,32-003-0561,10
36.163962,-115.11393000000001,2013,8.724074,6.825000027815501,8.52313149681529,7.937832876712329,9.04567352778291,10.310631528209123,12.207794633867977,9.299973667455092,NV,32-003-0561,10
36.163962,-115.11393000000001,2014,8.718261,6.53333334128062,7.71701356275304,8.73276712328767,7.798698725112497,9.686861220420354,12.910542390503728,9.084250182051044,NV,32-003-0561,10
36.163962,-115.11393000000001,2015,6.949123,6.224999984105428,7.14913057123193,7.2779646575342465,9.077898149620998,9.545697130096388,12.856249014754871,11.341238418904862,NV,32-003-0561,10
35.785665,-115.357087,2010,3.465217,5.075000047683716,3.46219,5.679764383561644,6.888304281561342,3.5641878967022467,5.439310976519034,5.758251232688896,NV,32-003-1019,10
35.785665,-115.357087,2011,3.739091,5.791666626930237,3.33789,5.946380821917808,7.160777864717457,3.8138195346768256,5.609170415735507,5.793157645086598,NV,32-003-1019,10
35.785665,-115.357087,2012,5.121818,6.483333428700765,5.42925333333333,5.700601092896175,7.735392993590871,4.576122332872027,5.443069137775734,5.884168145275895,NV,32-003-1019,10
35.785665,-115.357087,2013,4.315534,6.558333317438762,5.16256620689655,5.6909616438356165,8.990903171774459,5.217664106315131,4.930550990441998,5.766234251875551,NV,32-003-1019,10
35.785665,-115.357087,2014,3.674757,7.016666650772095,3.21361,5.133934246575342,7.282116465372582,4.326669070538191,4.896735506070839,5.63469347638511,NV,32-003-1019,10
35.880404,-109.438003,2010,3.028333,5.075000047683716,3.13650016470588,4.866117808219178,5.487367076416538,3.2333376612780156,3.2339619693069994,5.825750430647128,AZ,04-001-1235,1
35.880404,-109.438003,2014,2.774138,5.133333305517833,3.31393850955414,4.225032876712329,5.281516366462185,2.6484327162970476,3.0866716933938174,5.621650313758905,AZ,04-001-1235,1
31.349199999999996,-109.539683,2010,6.776271,5.974999984105428,6.72418209140201,6.019123287671233,5.405311336582654,6.93403373775375,6.302729503057161,6.811631890181988,AZ,04-003-1005,2
31.349199999999996,-109.539683,2011,6.478689,6.666666746139526,8.27487904504505,6.236241095890411,10.299145102827516,7.131045728388869,6.891941315197682,6.849924662927107,AZ,04-003-1005,2
31.349199999999996,-109.539683,2012,6.719672,6.633333325386047,8.07990733564014,5.626469945355192,7.64562962354858,7.330092384996152,7.12182505228748,6.935250488848446,AZ,04-003-1005,2
35.206111,-111.652777,2010,5.075,5.1666666467984514,5.10995687170475,5.616030136986302,7.677127739991227,6.499643680740169,3.7960479349962304,6.149762544248175,AZ,04-005-1008,3
35.206111,-111.652777,2011,5.167213,5.24999996026357,4.63065913101604,5.845698630136987,7.517416582368824,6.541556963264923,3.7311619169355095,6.131007014839963,AZ,04-005-1008,3
35.206111,-111.652777,2012,5.403333,5.5916666984558105,4.76959775020016,5.061207650273224,9.354905086136906,5.0723066973863675,4.098840372448098,6.209308981077045,AZ,04-005-1008,3
35.206111,-111.652777,2013,5.426667,5.375,4.50229374352332,4.771167123287671,7.7159328235338815,5.017727421123732,3.776773326508291,6.02115670326108,AZ,04-005-1008,3
33.503833,-112.095767,2010,6.7425,9.574999888737995,7.67419489829129,9.532693150684931,11.326836505001538,7.643200462293523,13.340002033081683,7.602282793252217,AZ,04-013-9997,7
33.503833,-112.095767,2011,8.952893,11.174999872843424,9.41632142487047,9.46606301369863,12.870403483142592,10.5589114466418,12.428837483400828,7.571055073031155,AZ,04-013-9997,7
33.503833,-112.095767,2012,9.227273,11.116666475931805,9.88974358549223,9.171918032786886,13.49722864197903,9.108003708445942,12.254094157806817,7.862462379169535,AZ,04-013-9997,7
33.503833,-112.095767,2013,8.406612,10.141666650772097,8.83621826607818,7.824487671232877,11.873121967707595,8.890512025155886,11.077882817813329,7.776455228976735,AZ,04-013-9997,7
33.503833,-112.095767,2014,8.735537,10.733333269755043,8.79616765544042,9.153093150684931,11.4194997140806,8.698889352057021,12.164635638614277,7.835191317958303,AZ,04-013-9997,7
33.503833,-112.095767,2015,8.038739,9.325000007947288,7.69696352017937,8.093131506849316,12.285812678402417,7.995795087624755,11.696037959266494,8.635214810756892,AZ,04-013-9997,7
32.322661000000004,-111.038389,2010,5.145299,7.458333253860474,5.8699470791075,6.852279452054795,7.988500731611905,5.792722200888092,12.459587139578966,6.633111395926042,AZ,04-019-0011,7
32.322661000000004,-111.038389,2011,5.692373,8.108333468437195,6.32850864097363,7.440860273972603,9.38124246140049,5.932170518577788,11.743566945686446,6.6590649106441875,AZ,04-019-0011,7
32.322661000000004,-111.038389,2012,5.910744,8.18333343664805,6.96552947261663,6.933745901639345,9.091354199445965,6.049186310613628,11.909011513566318,6.811058939879674,AZ,04-019-0011,7
32.322661000000004,-111.038389,2013,5.233607,7.908333420753479,5.13870565626839,6.174106849315068,8.619455334911608,5.650804203086919,11.487262667862923,6.759661296215857,AZ,04-019-0011,7
32.29515,-110.98230000000001,2010,5.025,7.991666754086812,5.74446290797546,6.945167123287671,7.988500731611905,5.818186035733571,12.459587139578966,7.127314368973628,AZ,04-019-1028,7
32.29515,-110.98230000000001,2011,5.410345,8.783333341280619,5.87945420858896,7.537380821917808,9.38124246140049,5.917110338074227,11.743566945686446,7.180367046959662,AZ,04-019-1028,7
32.29515,-110.98230000000001,2012,5.361157,8.808333357175192,6.78983250306749,6.9354289617486335,9.091354199445965,5.433223521830694,11.909011513566318,7.3119055134009265,AZ,04-019-1028,7
32.29515,-110.98230000000001,2013,5.040496,8.675000031789144,5.39691669030733,6.182484931506849,8.619455334911608,6.45723164832623,11.487262667862923,7.233408752327992,AZ,04-019-1028,7
32.877583,-111.752222,2010,8.342623,8.183333357175192,9.12925087906233,7.105767123287671,10.705471912802082,7.823336749931321,9.806780712781372,7.713654706542219,AZ,04-021-0001,4
32.877583,-111.752222,2011,10.028333,9.700000007947288,9.82753663117871,7.950309589041096,12.406594895663329,9.579129675448932,9.559388295634765,7.804877144082866,AZ,04-021-0001,4
32.877583,-111.752222,2012,10.016393,9.275000015894571,10.6606738403042,7.984382513661203,12.017310220687117,9.564787394575822,8.999975986676674,8.08696246368291,AZ,04-021-0001,4
32.877583,-111.752222,2013,8.07377,8.933333277702332,9.36858110815131,7.164835616438356,11.440119142401707,7.788845408726342,8.289189006601061,7.976625804535735,AZ,04-021-0001,4
32.877583,-111.752222,2014,7.676667,8.608333269755045,8.37216530038023,8.011090410958904,10.8355592675405,7.872776622535239,9.087465353391982,7.944111831036346,AZ,04-021-0001,4
32.877583,-111.752222,2015,6.700952,7.424999952316284,7.21887242585551,7.661309589041096,11.641393255207635,7.509229269732102,8.720510087497942,8.308170748747779,AZ,04-021-0001,4
33.421194,-111.503222,2010,5.889565,6.324999968210856,4.82023219909502,6.710975342465753,9.241414700468926,5.480905676492152,9.07801794858424,6.545290628492637,AZ,04-021-3002,5
33.421194,-111.503222,2011,8.397521,7.616666674613953,6.66773395280236,7.468153424657534,11.670646075679832,7.014291474074065,8.827587387064002,6.592948290150535,AZ,04-021-3002,5
33.421194,-111.503222,2012,6.765812,7.425000011920929,6.05557613569322,7.102614754098361,11.554631771937094,6.8382256817276055,8.256704489825523,6.826648504085871,AZ,04-021-3002,5
33.421194,-111.503222,2013,5.506195,6.916666706403096,5.0343725158371,6.132309589041096,9.69862389499194,5.428158781556594,7.207299460667175,6.786505136250653,AZ,04-021-3002,5
33.421194,-111.503222,2014,5.865714,7.241666634877523,5.13145579646018,6.81907397260274,9.277753986724436,5.875528298986522,7.794365573715377,6.790650755196191,AZ,04-021-3002,5
33.421194,-111.503222,2015,4.841379,6.3416666984558105,4.21079727138643,6.360206575342466,10.14882045510697,4.876051991867568,7.3943029177057875,7.358157572955723,AZ,04-021-3002,5
33.010529999999996,-111.97205,2010,12.322034,9.05833331743876,7.64084304878049,7.061205479452055,10.705471912802082,11.86665184113418,9.042964988684917,9.977880916683448,AZ,04-021-3013,6
33.010529999999996,-111.97205,2011,13.334483,11.12500007947286,10.6213399548419,7.9718,12.406594895663329,12.158808922167823,8.78395212662744,9.962872915270852,AZ,04-021-3013,6
33.010529999999996,-111.97205,2012,15.578689,11.18333343664805,10.4462108379328,8.342456284153005,12.017310220687117,13.199040991741928,9.286540011837058,10.342773059771831,AZ,04-021-3013,6
33.010529999999996,-111.97205,2013,15.757627,10.483333388964336,9.12304823170732,7.672556164383562,11.440119142401707,13.90088966390732,8.455592023638578,10.204174800686133,AZ,04-021-3013,6
33.010529999999996,-111.97205,2015,10.190598,7.899999936421712,7.34860922227797,7.923311506849315,11.641393255207635,8.935716200504212,8.937966391280456,10.626257947779663,AZ,04-021-3013,6
31.337203999999996,-110.93671800000001,2010,10.218644,6.199999968210856,7.86295555741827,6.263978082191781,5.714918183300593,9.047933018061126,5.749340349746929,7.876284444916436,AZ,04-023-0004,7
31.337203999999996,-110.93671800000001,2011,9.92069,6.950000007947286,8.98477965632858,6.5774328767123285,8.597861109694389,9.485521719270048,5.87657303240273,7.964992432285838,AZ,04-023-0004,7
31.337203999999996,-110.93671800000001,2012,9.386207,6.6166666348775225,7.53343474074074,5.607816939890711,7.391277581941886,9.74964684051319,6.085340024837076,8.105723266596396,AZ,04-023-0004,7
31.337203999999996,-110.93671800000001,2013,9.905172,6.666666587193807,8.59374492036882,5.343504109589041,6.782822285612968,8.138255352482842,5.838069963749948,8.003912734224212,AZ,04-023-0004,7
31.337203999999996,-110.93671800000001,2014,8.445614,6.541666666666667,7.19514624691358,7.274558904109589,6.031890038268207,9.139717685924856,5.839078141847154,7.912880305994921,AZ,04-023-0004,7
31.337203999999996,-110.93671800000001,2015,7.694444,5.733333269755046,6.23533289186924,7.225628493150685,6.404967260360718,8.351178865755191,5.634375485663231,7.553475960159688,AZ,04-023-0004,7
34.595,-112.331,2010,3.866667,4.675000011920929,4.99798000285063,5.886580821917808,8.769811449638786,4.032005565163636,4.431792573450686,6.166452566430485,AZ,04-025-2002,8
34.595,-112.331,2011,3.868421,5.200000047683716,5.19540991163056,6.104027397260274,8.749065381533478,4.175585353609305,4.242069119362386,6.141688992470338,AZ,04-025-2002,8
34.595,-112.331,2012,4.474576,5.591666678587596,5.6678863860252,5.560073770491804,9.985615523786493,4.4845007062819455,6.26571714763772,6.293649062658106,AZ,04-025-2002,8
34.595,-112.331,2013,4.144828,4.933333416779836,5.26979857753706,5.209838356164384,9.469827987396554,4.785754923279289,5.783465667658454,6.185403751038269,AZ,04-025-2002,8
32.690278,-114.61443999999999,2010,7.365,7.90833334128062,7.89787115129151,6.700610958904109,21.863348165276932,6.999903327728481,8.047968917495602,7.362380698410424,AZ,04-027-8011,9
32.690278,-114.61443999999999,2011,7.622034,9.275000015894571,8.02253391881919,7.352243835616438,23.830628628926736,6.575931637181306,7.9863532270704,7.419601648553382,AZ,04-027-8011,9
32.690278,-114.61443999999999,2012,8.463158,9.208333333333334,9.2267088231383,6.960814207650273,23.424539859177635,8.261088876414668,10.086299876317586,7.82069065864583,AZ,04-027-8011,9
39.757371,-121.84328600000002,2010,7.987931,7.791666587193807,7.43170544964029,7.033457534246575,9.956889285126778,7.546866500198504,8.118621020936049,8.380590943995509,CA,06-007-0002,8
39.757371,-121.84328600000002,2011,12.003279,9.224999984105429,9.41117029333333,7.960556164383561,10.073911270050154,9.986885319218985,7.462534446801458,8.602616391667727,CA,06-007-0002,8
36.781333,-119.77319,2010,13.296784,12.80833347638448,12.6047365432099,12.320975342465754,10.485750053353506,12.593130239808932,12.002406278809348,13.013021453111872,CA,06-019-0008,1
36.781333,-119.77319,2011,15.307965,14.87499996026357,13.9681212421242,14.062550684931509,11.210101592704042,15.741549005972956,11.590610149142506,12.764008577994492,CA,06-019-0008,1
32.97833,-115.53916999999998,2010,6.311111,8.541666746139526,7.96952714817573,7.00686301369863,19.496363224395335,6.792768163270414,7.266647587765704,7.565618830664731,CA,06-025-0007,10
32.97833,-115.53916999999998,2011,7.158036,9.43333331743876,8.20757785517874,7.776671232876712,21.526015549489895,6.97857647940344,7.086996991555769,7.580470022993792,CA,06-025-0007,10
32.97833,-115.53916999999998,2012,8.047899,10.300000031789144,8.76634282791817,7.700972677595629,21.185398127863316,7.51013078159978,7.65672095671092,7.986664627738763,CA,06-025-0007,10
32.97833,-115.53916999999998,2013,7.237705,9.96666669845581,8.22009522304028,7.285975342465753,21.87114918199304,7.269044605542733,7.244951566824546,7.969103615149763,CA,06-025-0007,10
32.97833,-115.53916999999998,2014,7.257851,10.15833330154419,8.2186886820551,8.517284931506849,20.116447463100904,7.405344205431614,7.654459682794718,8.029217670147542,CA,06-025-0007,10
32.97833,-115.53916999999998,2015,6.551667,8.241666634877523,7.57469941176471,7.4672684931506845,18.916351157671784,8.669757513056414,7.039480747757377,10.0158263035884,CA,06-025-0007,10
32.79222,-115.56306000000001,2010,6.596522,11.449999968210856,8.10072,7.932854794520548,19.496363224395335,6.702383233339544,9.936864074114917,7.832073540603299,CA,06-025-1003,1
32.79222,-115.56306000000001,2011,7.513445,12.166666587193808,9.12725538512179,8.930254794520549,21.526015549489895,6.6860097199986805,9.35126694414642,7.7675783094612445,CA,06-025-1003,1
32.79222,-115.56306000000001,2012,7.548305,13.225000063578287,9.58301253211009,8.271415300546447,21.185398127863316,7.34693143671222,9.197826072614486,8.18596893443493,CA,06-025-1003,1
32.79222,-115.56306000000001,2013,7.051639,12.450000127156576,9.1505461102107,7.835197260273973,21.87114918199304,6.9968955586254324,8.654289789907224,8.090400620578686,CA,06-025-1003,1
32.79222,-115.56306000000001,2014,6.575833,12.391666730244957,8.44107093085106,9.970789041095893,20.116447463100904,7.305704494303219,9.194393700295752,8.173076724514184,CA,06-025-1003,1
32.79222,-115.56306000000001,2015,6.257025,10.825000047683716,8.29038867252931,8.580054246575342,18.916351157671784,7.5122760113215135,8.412743946680656,10.159741939803904,CA,06-025-1003,1
36.487823,-117.87103599999999,2010,5.545455,7.366666674613953,5.20851944167498,5.8810739726027395,5.287751841055203,7.114851484844544,2.322728860596256,7.637780322322597,CA,06-027-1003,2
36.487823,-117.87103599999999,2011,7.1,8.049999912579855,14.6199674496644,6.725178082191781,6.9604766015320605,6.972539518634178,2.4139827483302945,7.682938578181591,CA,06-027-1003,2
36.487823,-117.87103599999999,2012,6.302083,7.116666714350383,5.57849946996466,5.006199453551913,4.797582339475063,6.010761806153599,2.7084649837588612,7.615101310697384,CA,06-027-1003,2
36.487823,-117.87103599999999,2013,8.205357,7.741666674613953,7.4143893398533,5.27072602739726,7.466452067682188,6.53938955142499,2.457914644545251,7.30729760230876,CA,06-027-1003,2
36.487823,-117.87103599999999,2014,7.927928,7.28333334128062,6.91276536390828,5.74967397260274,6.288989641568432,5.727890493436727,2.40963248785708,7.133613906012019,CA,06-027-1003,2
36.487823,-117.87103599999999,2015,5.590909,7.62499996026357,15.4830947121034,5.885658904109589,12.61675521837522,5.556456243763542,2.559398399645483,7.757625367063483,CA,06-027-1003,2
35.62109,-117.67296,2010,5.094737,6.291666626930237,5.30778028571429,6.887898630136986,7.961824978541022,5.3521682100443515,5.199210166931152,5.904656446479824,CA,06-029-0015,3
35.62109,-117.67296,2012,5.271698,7.099999904632568,5.79399157325467,6.2755300546448085,8.79798905282724,5.4659687837474005,5.455458408675781,6.264784812111559,CA,06-029-0015,3
35.62109,-117.67296,2013,5.52037,7.391666650772095,6.15298155200881,6.67293698630137,8.848979109607331,5.781797655818406,4.952808829290526,6.325394769876371,CA,06-029-0015,3
35.62109,-117.67296,2015,5.084906,6.024999976158142,5.45368208053691,5.929364931506849,9.975939914951583,4.942641769677331,4.942531002992457,7.094642339284188,CA,06-029-0015,3
39.0327,-122.92229,2010,3.07541,5.658333361148834,3.80744737024221,5.096038356164383,10.634093482527014,3.4744839936649945,3.535116627075515,4.792302469369556,CA,06-033-3001,4
39.0327,-122.92229,2011,3.518033,6.0250000556310015,4.37175554131054,5.705794520547945,10.925830384476544,3.2788031351703535,3.332686366820401,4.896956619316985,CA,06-033-3001,4
39.0327,-122.92229,2012,3.916667,6.3999999562899275,4.75807426179604,5.151308743169399,13.89384080673176,3.9693252966543766,3.506097154850013,4.960940791350008,CA,06-033-3001,4
39.0327,-122.92229,2013,3.868852,6.116666714350383,3.45813466795616,5.912690410958904,12.125586747469969,4.053791647000484,3.551268137582056,4.977601174850171,CA,06-033-3001,4
39.0327,-122.92229,2014,4.065574,5.766666690508525,4.45440051903114,6.3659698630136985,12.565031533698512,3.710164324440624,3.723920124531775,4.863944992016314,CA,06-033-3001,4
39.0327,-122.92229,2015,3.845,6.566666682561238,4.53163016472868,7.159590136986301,13.041605710983276,4.29639025424369,4.053983715700579,5.517595596612232,CA,06-033-3001,4
34.1365,-117.92391,2010,11.02043,12.516666730244957,11.3022636599611,10.57902191780822,18.899143386213748,10.216041117094182,12.407301501585888,11.229011751643746,CA,06-037-0002,5
34.1365,-117.92391,2011,12.140336,13.050000031789144,12.2135864603482,11.462301369863011,18.79760321786959,11.062380254676448,11.600837343341702,11.119741297328408,CA,06-037-0002,5
34.1365,-117.92391,2012,11.038983,12.866666634877523,11.1644436363636,11.37688524590164,19.348752636727088,11.114406690001056,13.108337189726631,11.38517170169919,CA,06-037-0002,5
34.1365,-117.92391,2013,10.540833,12.008333444595335,11.2606626360339,10.780501369863014,19.372570387957847,9.78271366024869,11.565412888160118,11.505279422879354,CA,06-037-0002,5
34.1365,-117.92391,2015,9.891667,12.050000031789144,10.0327972661871,10.97962493150685,20.135145657683072,9.72597098267805,11.75828748515674,13.256971521093268,CA,06-037-0002,5
34.17605,-118.31712,2010,12.450621,12.358333190282186,10.9451532670455,11.637515068493151,18.899143386213748,12.00389042816267,13.319077449840504,11.435560086825436,CA,06-037-1002,6
34.17605,-118.31712,2011,13.254206,12.708333174387612,11.5400455122777,12.154197260273971,18.79760321786959,13.137090013864952,12.605191318543405,11.350006487550973,CA,06-037-1002,6
34.17605,-118.31712,2012,12.153803,12.19166652361552,11.0313,11.770997267759563,19.348752636727088,12.480914137120967,13.416710461655708,11.702637390237117,CA,06-037-1002,6
34.17605,-118.31712,2013,12.13526,11.458333253860474,10.2512849507202,11.48700821917808,19.372570387957847,11.889786421496389,11.558365679704226,11.78788303099713,CA,06-037-1002,6
34.06659,-118.22688000000001,2010,11.929393,13.833333174387612,12.156742591267,12.61484109589041,18.899143386213748,11.019513295363312,18.33458090548987,11.650950014810144,CA,06-037-1103,7
34.06659,-118.22688000000001,2011,12.936111,14.24999992052714,13.6432022277228,13.016484931506849,18.79760321786959,12.664541144765233,17.19247254696521,11.5953546061352,CA,06-037-1103,7
34.06659,-118.22688000000001,2012,12.530088,14.258333285649618,12.1744548679868,12.662718579234973,19.348752636727088,12.63938404088342,16.421199423646275,11.935433166864074,CA,06-037-1103,7
34.06659,-118.22688000000001,2013,12.041279,13.508333285649618,11.8036397849462,12.340835616438357,19.372570387957847,11.750847418502806,14.317498306651691,12.080955807121766,CA,06-037-1103,7
34.06659,-118.22688000000001,2015,12.19351,13.599999984105429,10.968536302682,12.0520901369863,20.135145657683072,11.219198299950015,14.822820420448595,13.76654649804369,CA,06-037-1103,7
34.19925,-118.53276000000001,2010,10.166,11.53333314259847,10.3160780903855,10.701728767123289,21.230821026841255,9.959918751937158,12.423869350781809,10.146619667934074,CA,06-037-1201,8
34.19925,-118.53276000000001,2011,10.216239,11.716666539510092,11.2023777133389,11.147750684931507,21.2732231662698,10.07708737122246,11.611378200434066,10.062457076866169,CA,06-037-1201,8
34.19925,-118.53276000000001,2012,10.389091,10.991666634877523,10.5151918679868,10.862147540983608,21.973698608210828,9.71252397426136,11.238907488731488,10.361741462586084,CA,06-037-1201,8
34.19925,-118.53276000000001,2013,9.898305,10.291666746139526,10.5389,10.719824657534248,21.711309999962378,9.498059228547916,9.39585559643232,10.47979133081792,CA,06-037-1201,8
34.19925,-118.53276000000001,2015,8.740708,10.525000055631002,9.2183709059633,9.975616438356164,22.32700465346036,8.399080952532753,9.901834250806452,12.398606820392548,CA,06-037-1201,8
33.901389,-118.205,2010,12.503604,12.674999952316284,12.7962318302387,12.178471232876712,18.899143386213748,11.749779884952355,17.794034659207522,12.167206078428244,CA,06-037-1302,2
33.901389,-118.205,2011,12.906364,12.56666668256124,12.8604950586782,12.65061095890411,18.79760321786959,14.582679789346354,17.259643531762638,12.11421682323804,CA,06-037-1302,2
33.901389,-118.205,2012,11.694783,12.633333365122477,13.1959720221607,12.460483606557377,19.348752636727088,11.563958289330133,17.557459433438027,12.454961631820783,CA,06-037-1302,2
33.901389,-118.205,2013,12.051754,12.40833338101705,13.4919791229154,12.523312328767124,19.372570387957847,12.805560716444244,15.35065170958802,12.595045377933296,CA,06-037-1302,2
33.901389,-118.205,2015,11.911712,12.791666825612388,12.8124412979351,12.565388493150683,20.135145657683072,13.46487677161456,16.537650977517224,14.297384532482251,CA,06-037-1302,2
34.1326,-118.1272,2010,10.135052,12.516666650772097,10.451286862334,11.139454794520548,18.899143386213748,10.781081575099355,15.773557031220133,11.268224415852542,CA,06-037-2005,9
34.1326,-118.1272,2012,10.2875,12.350000143051147,10.4925844863732,11.71825956284153,19.348752636727088,11.26224037925146,15.752575232884656,11.465115834334938,CA,06-037-2005,9
34.1326,-118.1272,2015,9.816807,11.074999968210856,9.12242976391982,11.074161643835616,20.135145657683072,9.963981461226004,14.012539865551414,13.732765497102926,CA,06-037-2005,9
33.82376,-118.18921,2010,10.55355,11.916666587193808,12.1150690232558,10.855320547945205,18.899143386213748,10.5206451270439,17.82897602070819,11.687191219827785,CA,06-037-4002,2
33.82376,-118.18921,2011,10.84,11.99999992052714,12.4464788065844,11.624786301369864,18.79760321786959,11.023078945368212,17.135611432594256,11.59036274031314,CA,06-037-4002,2
33.82376,-118.18921,2012,10.389685,11.93333355585734,11.9924699499165,11.493877049180329,19.348752636727088,11.297777004581194,15.827573576365433,11.917964860268626,CA,06-037-4002,2
33.82376,-118.18921,2013,11.341088,12.108333269755043,12.3988271604938,11.73797808219178,19.372570387957847,11.579150584907628,14.008298665612609,12.063868322021998,CA,06-037-4002,2
33.82376,-118.18921,2015,10.889349,12.524999936421713,11.2048917380137,11.910580273972602,20.135145657683072,11.56806747056385,14.956536262899965,13.502179529834716,CA,06-037-4002,2
33.79236,-118.17533000000002,2010,10.366382,12.049999872843424,10.8578182235835,10.45464109589041,18.899143386213748,10.385133160988056,17.82897602070819,11.687191219827785,CA,06-037-4004,2
33.79236,-118.17533000000002,2011,10.792197,12.141666650772097,11.659583919597999,11.30607397260274,18.79760321786959,11.182082194677148,17.135611432594256,11.59036274031314,CA,06-037-4004,2
33.79236,-118.17533000000002,2012,10.510294,11.766666571299234,10.6194177006508,11.211642076502732,19.348752636727088,11.303329126558705,15.827573576365433,11.917964860268626,CA,06-037-4004,2
33.79236,-118.17533000000002,2013,10.990616,12.025000015894571,11.5668251675042,11.460816438356163,19.372570387957847,10.934372142835189,14.008298665612609,12.063868322021998,CA,06-037-4004,2
33.79236,-118.17533000000002,2015,10.15562,11.724999904632568,11.0605134120917,11.635984931506847,20.135145657683072,10.83468073168648,14.956536262899965,13.502179529834716,CA,06-037-4004,2
33.830619999999996,-117.93844999999999,2010,10.153776,12.84166669845581,11.0851367298578,11.146865753424658,18.899143386213748,10.020645178173364,16.432614640875176,11.35009875953987,CA,06-059-0007,10
33.830619999999996,-117.93844999999999,2011,10.953125,13.150000174840292,11.428445369863,11.76468219178082,18.79760321786959,11.120668912422705,15.70227223438221,11.254115269223584,CA,06-059-0007,10
33.830619999999996,-117.93844999999999,2012,10.814409,12.791666746139526,11.1008372632393,11.997368852459015,19.348752636727088,11.34532029291658,17.95192216977681,11.53680297498581,CA,06-059-0007,10
33.830619999999996,-117.93844999999999,2013,10.101813,12.291666666666666,11.712812109589,11.557657534246577,19.372570387957847,10.164554634916652,15.702556921885565,11.631370005775688,CA,06-059-0007,10
33.830619999999996,-117.93844999999999,2015,9.592542,12.175000111262005,10.5211234094053,12.174163287671233,20.135145657683072,9.85534976261677,16.58500055559389,13.077587522050854,CA,06-059-0007,10
33.63003,-117.67593,2010,7.987069,8.241666634877523,8.8507287796102,9.634408219178082,18.69022290086093,8.476146453728377,10.924768762110354,9.049529007740349,CA,06-059-2022,1
33.63003,-117.67593,2011,8.456364,8.90833330154419,7.68515257199211,10.258983561643836,18.57223736488656,8.79615376388387,10.287953277538112,8.971430062945092,CA,06-059-2022,1
33.63003,-117.67593,2012,7.919512,7.966666698455811,7.6423290732497,10.308510928961748,19.77619388715817,8.558159346243956,11.6030665796097,9.137432117115685,CA,06-059-2022,1
33.63003,-117.67593,2013,8.095726,7.825000047683716,7.19816013807387,10.223657534246575,19.689474624477025,8.86654075984825,9.837751433744536,9.210647838481224,CA,06-059-2022,1
33.63003,-117.67593,2015,7.041739,7.725000023841858,8.19611587106447,10.57892,20.43337321673354,8.083233153995478,9.725820776197937,10.11000359906376,CA,06-059-2022,1
39.808333,-120.47166699999998,2010,9.605983,9.43333331743876,7.28319129213483,5.9882986301369865,6.3858350685198015,9.621477782178165,3.8369123431250127,10.064856791930264,CA,06-063-1009,9
39.808333,-120.47166699999998,2011,12.073684,10.974999944368998,8.34283439093484,6.928920547945205,6.660917804665761,10.995099035257343,4.071750634401054,10.17865289713992,CA,06-063-1009,9
33.94603000000001,-117.40062999999999,2010,11.072174,10.891666730244957,12.1752516722408,12.82247397260274,14.721253579283411,12.533230291978072,12.80990868282842,12.2225170677839,CA,06-065-1003,4
33.94603000000001,-117.40062999999999,2011,11.774107,11.666666666666666,12.3224369727047,12.86286301369863,14.856805517248912,12.865107768316417,12.034277266198462,12.09515369170388,CA,06-065-1003,4
33.94603000000001,-117.40062999999999,2012,11.308654,10.525000015894571,11.8792080798479,12.807426229508197,15.514779252432737,13.096235635781513,14.84218550708196,12.336473996464347,CA,06-065-1003,4
33.94603000000001,-117.40062999999999,2013,11.304274,10.15833342075348,11.7902641025641,12.15382191780822,16.25206695713409,12.0514377702013,12.71133715896816,12.4468702455346,CA,06-065-1003,4
33.70853,-116.21536999999998,2010,6.991667,11.133333206176758,6.86640918662556,6.773024657534247,10.89579518592521,7.315551071797722,7.540006737460147,7.948724006122102,CA,06-065-2002,2
33.70853,-116.21536999999998,2011,6.996154,12.133333206176758,6.27484605477424,7.494013698630137,12.113600889623982,7.297042075409269,7.141323559559309,7.966487805677106,CA,06-065-2002,2
33.70853,-116.21536999999998,2012,7.646552,11.724999984105429,7.73015751893939,7.189251366120218,12.568430146884396,7.579159812407569,7.423872490778361,8.308876023275301,CA,06-065-2002,2
33.70853,-116.21536999999998,2013,8.330508,11.775000015894571,6.92727584752036,7.077983561643836,13.595937386604204,8.59227675258682,6.995568250889306,8.294740682064866,CA,06-065-2002,2
33.85275,-116.54101,2010,5.997297,10.508333245913189,6.71010007130125,6.681030136986301,7.9305505118957935,6.609611301374163,6.291370501885047,7.01627027745987,CA,06-065-5001,3
33.85275,-116.54101,2011,6.120175,10.974999944368998,6.6774060040568,7.381986301369863,8.96804384858641,7.037850335369289,6.161192174141224,7.032566893389866,CA,06-065-5001,3
33.85275,-116.54101,2012,6.58547,10.96666661898295,6.93827282242991,7.172918032786885,9.278689009244324,7.161475145191847,7.657878157863879,7.263934201777217,CA,06-065-5001,3
33.85275,-116.54101,2013,6.531624,11.458333412806192,7.56992386409736,7.080616438356165,11.117515555146625,6.706482674370299,7.277659682782142,7.23118804666272,CA,06-065-5001,3
33.85275,-116.54101,2015,5.926852,10.524999936421713,6.58270173778602,7.031326219178082,10.575560633123738,6.179099512581457,6.7748683383176616,8.223740308916632,CA,06-065-5001,3
33.99958000000001,-117.41601,2010,13.192593,13.241666714350382,12.0354377682403,13.406849315068492,14.721253579283411,13.398183806963864,17.396177047556574,12.2225170677839,CA,06-065-8001,4
33.99958000000001,-117.41601,2011,13.650432,14.241666793823242,12.9231942406582,13.398191780821918,14.856805517248912,13.804418087676464,16.158886164754303,12.09515369170388,CA,06-065-8001,4
33.99958000000001,-117.41601,2012,13.541279,13.34166669845581,11.9414488879198,13.108030054644807,15.514779252432737,14.45076324969572,16.897202800724603,12.336473996464347,CA,06-065-8001,4
33.99958000000001,-117.41601,2013,12.506667,12.441666762034098,12.0183668495029,12.321690410958904,16.25206695713409,13.175070544280477,14.328317804650943,12.4468702455346,CA,06-065-8001,4
33.99958000000001,-117.41601,2015,11.899099,12.025000015894571,10.1585772348485,12.34206602739726,16.52952377698193,11.558946312368723,14.563482558334266,14.145525090604472,CA,06-065-8001,4
38.613779,-121.36801399999999,2010,8.7,7.2000000675519304,8.1040762994012,8.939712328767124,12.28753128574319,8.969087664638208,14.248969520513828,9.160351339756089,CA,06-067-0006,4
38.613779,-121.36801399999999,2011,10.479661,9.483333508173624,9.34047378292099,10.48974794520548,13.37846824175691,11.722981395146554,13.222950613924436,9.142484507882974,CA,06-067-0006,4
38.613779,-121.36801399999999,2012,9.152941,7.475000103314717,8.08976696887686,9.11726775956284,13.614972384249578,9.397120280884,10.498921669999216,9.603935764696049,CA,06-067-0006,4
38.613779,-121.36801399999999,2013,11.389112,9.508333484331766,9.68012327214685,11.486884931506848,14.572984170260495,12.264395758442168,10.767384880191678,9.98353796042276,CA,06-067-0006,4
38.613779,-121.36801399999999,2014,8.728363,8.025000055631002,8.31382942537909,9.312945205479451,14.366842280348688,9.004919412636944,11.059587664329088,10.186103111451914,CA,06-067-0006,4
38.613779,-121.36801399999999,2015,10.323324,9.016666730244957,9.42139414925373,10.586198630136986,15.09020043007315,10.72446972480659,11.31938553249443,12.102832145600718,CA,06-067-0006,4
38.556326000000006,-121.45849899999999,2010,7.811207,7.766666730244954,8.30480705,8.752624657534247,12.28753128574319,8.3589307210416,13.917258165694856,8.157548869738786,CA,06-067-4001,9
38.556326000000006,-121.45849899999999,2011,10.075833,10.191666642824808,9.84256455082742,10.47629589041096,13.37846824175691,10.478601085797235,12.806549420068553,8.12556591759719,CA,06-067-4001,9
38.556326000000006,-121.45849899999999,2012,8.200826,8.008333365122477,8.16976468064824,9.044382513661205,13.614972384249578,8.81196868598922,9.717050099046263,8.561279664382438,CA,06-067-4001,9
38.556326000000006,-121.45849899999999,2013,9.418261,9.933333158493042,10.0068391962175,11.369550684931507,14.572984170260495,10.464311893110924,9.914603840518785,8.88688724852702,CA,06-067-4001,9
38.556326000000006,-121.45849899999999,2014,8.265854,8.416666666666666,8.65617919621749,9.593720547945203,14.366842280348688,8.8100367248601,10.344706785547864,9.090178659709986,CA,06-067-4001,9
38.556326000000006,-121.45849899999999,2015,9.625,9.524999936421713,9.91521300511509,10.67934602739726,15.09020043007315,9.155519787992722,10.794896762449662,10.750872167498864,CA,06-067-4001,9
34.037234,-117.69088900000001,2010,13.019643,15.06666668256124,11.6778154942966,12.37305205479452,14.721253579283411,12.99818220621025,17.80643303970714,11.41111926176015,CA,06-071-0025,10
34.037234,-117.69088900000001,2011,13.184746,15.62500007947286,12.0173516202388,12.715413698630137,14.856805517248912,14.115468089925528,16.5493664761166,11.37411704375473,CA,06-071-0025,10
34.037234,-117.69088900000001,2012,12.405,14.841666539510092,12.3731132,12.68115300546448,15.514779252432737,13.767350230116472,16.150155370529383,11.636174130207484,CA,06-071-0025,10
34.037234,-117.69088900000001,2013,11.886364,13.916666666666666,10.8640828035435,11.961380821917809,16.25206695713409,12.705728997287787,13.714848605486065,11.76945826465274,CA,06-071-0025,10
34.100019999999994,-117.49201000000001,2010,11.932143,14.616666475931805,12.2948767605634,12.72684383561644,14.721253579283411,12.814116586430076,13.60607654740522,11.024899017037924,CA,06-071-2002,5
34.100019999999994,-117.49201000000001,2011,12.533028,15.150000095367432,12.1344542307692,12.882706849315069,14.856805517248912,13.619698999434808,12.573766082525252,10.981981668446403,CA,06-071-2002,5
34.100019999999994,-117.49201000000001,2012,12.713636,13.516666571299234,11.9081,12.48321038251366,15.514779252432737,13.836752712880733,14.167578599550952,11.171797204340102,CA,06-071-2002,5
34.100019999999994,-117.49201000000001,2013,12.299174,12.758333285649618,12.2699072202166,11.666342465753424,16.25206695713409,12.044765608598286,12.161259326306018,11.211694788560674,CA,06-071-2002,5
34.100019999999994,-117.49201000000001,2015,10.862281,12.37499992052714,10.3895673521127,11.702683561643836,16.52952377698193,11.760160582785694,12.335275443373146,12.694833142426964,CA,06-071-2002,5
32.791194,-116.942092,2010,10.835345,10.06666660308838,10.131240664557,10.39162191780822,13.134136488013072,11.31863929592455,14.407017416678942,9.952195722285964,CA,06-073-0003,3
32.791194,-116.942092,2011,10.572358,10.758333365122477,10.1432002034174,10.164712328767123,13.771354689010202,10.302415020797577,13.00681855750608,9.9008286141894,CA,06-073-0003,3
32.791194,-116.942092,2012,10.526957,10.575000007947288,10.0144996168882,9.957592896174864,15.099474773380926,10.639946355633905,15.51716980542222,10.161929229441393,CA,06-073-0003,3
32.791194,-116.942092,2013,10.696947,10.366666634877523,10.0454181015038,9.546860273972603,14.290531256427505,10.187107578965406,13.799513929492823,10.114635250421546,CA,06-073-0003,3
32.83646099999999,-117.12875200000002,2010,8.7375,9.324999809265137,8.64267765399036,10.176293150684932,13.134136488013072,9.459634061276947,12.49133949161886,8.470295073249133,CA,06-073-0006,4
32.83646099999999,-117.12875200000002,2011,8.969421,9.941666722297668,9.5242330793854,10.256391780821918,13.771354689010202,10.325667507251955,11.422459888261754,8.45863793813153,CA,06-073-0006,4
32.701492,-117.14965299999999,2010,10.428438,11.508333285649618,10.339217167382,9.819684931506847,14.059132406156357,10.643391217108393,13.03997590974137,10.20044769693585,CA,06-073-1010,6
32.701492,-117.14965299999999,2011,10.885876,12.166666666666666,10.3916500881057,10.199416438356163,13.899909327781364,9.884088333911196,11.9934599674665,10.14317633180728,CA,06-073-1010,6
32.701492,-117.14965299999999,2012,11.088663,11.625,10.2585289738431,10.05336338797814,15.144777396989,11.748795265430465,13.017714030775306,10.419467734206313,CA,06-073-1010,6
32.701492,-117.14965299999999,2013,10.355172,11.84166669845581,10.0311018455321,9.820665753424658,14.645201421110595,8.734273606712245,11.564794178847428,10.53765545569225,CA,06-073-1010,6
32.701492,-117.14965299999999,2014,10.153561,11.241666634877523,9.29078489896722,10.336964383561645,14.75546003825044,9.250345995389392,12.67207745208845,10.729872433116894,CA,06-073-1010,6
32.701492,-117.14965299999999,2015,9.329226,10.574999968210856,8.90288232832618,8.905876438356165,14.412379630624432,10.82068749392931,11.574794741777271,10.914050770343234,CA,06-073-1010,6
33.362593,-117.09023000000002,2010,2.85e-4,7.87499996026357,5.73401259870782,9.33461095890411,11.617954509552211,1.8261063094216692,9.316127593782577,7.3515708693581745,CA,06-073-1201,5
33.362593,-117.09023000000002,2011,9.806232,8.31666668256124,7.60248028304557,9.179956164383562,12.14780303876694,11.201423507223929,8.81724287373024,7.299312068301697,CA,06-073-1201,5
33.362593,-117.09023000000002,2012,9.751913,7.441666642824809,5.53595094318182,9.546726775956284,13.061491326881889,12.738849705610678,9.999749621299848,7.397755221207453,CA,06-073-1201,5
33.362593,-117.09023000000002,2013,8.682967,7.558333317438762,6.08892139985643,9.252671232876711,13.580792010973578,9.40517621775808,8.643141665956476,7.334082308129194,CA,06-073-1201,5
33.362593,-117.09023000000002,2014,7.362462,7.333333333333333,6.55509178318709,9.45004383561644,12.74610060926986,6.853243306640732,9.08578604066765,7.369613563431697,CA,06-073-1201,5
33.362593,-117.09023000000002,2015,6.550435,6.883333325386047,5.21215666188083,8.724410684931506,13.963091452480995,5.00762323024494,8.331019610821546,7.475829902190672,CA,06-073-1201,5
35.02083,-120.56388000000001,2010,8.171944,7.558333357175191,5.90664164656772,8.002134246575343,13.598649947284018,8.745709174352116,5.658184094088418,9.472282947366702,CA,06-079-2004,6
35.02083,-120.56388000000001,2011,8.30226,8.308333396911621,6.60585234996385,8.462,13.726189472250743,8.397594696034048,5.860230244778015,9.388090455421915,CA,06-079-2004,6
35.02083,-120.56388000000001,2012,8.057459,7.141666650772095,5.04792804746494,7.245464480874317,14.68182193907232,7.999020410337589,5.565900989427958,9.875840164594369,CA,06-079-2004,6
35.02083,-120.56388000000001,2013,9.735112,8.508333404858908,7.13082405844156,8.530317808219179,15.020484433762014,9.756676543675445,5.821315654031523,10.137619193288913,CA,06-079-2004,6
35.02083,-120.56388000000001,2014,10.182336,8.766666650772095,5.9026213087491,9.412945205479453,14.881091380445923,10.29753054216519,5.715985462069511,10.331008966901544,CA,06-079-2004,6
35.02083,-120.56388000000001,2015,8.729526,8.366666674613953,7.25606456864564,8.574322465753424,15.399740757354316,8.97284782032794,5.885910888294597,11.72892627493197,CA,06-079-2004,6
39.13877300000001,-121.618549,2010,5.92716,7.900000015894572,6.86098559322034,6.931627397260274,12.667560407560163,6.182254135480332,10.944369496879997,8.849604917449467,CA,06-101-0003,7
39.13877300000001,-121.618549,2011,8.134277,9.583333253860474,8.98374358823529,8.394876712328767,13.544739265964456,8.60197369313554,10.11814551137306,8.991963290041147,CA,06-101-0003,7
39.13877300000001,-121.618549,2012,6.945198,7.841666738192241,7.53538491564863,7.461169398907104,15.043580281278476,7.823518682811192,9.363770405233725,9.438538385035208,CA,06-101-0003,7
39.13877300000001,-121.618549,2013,8.200952,9.12499996026357,8.77802586387435,9.226156164383562,14.6595449094903,8.867155538352883,9.10599552504309,9.726709250873643,CA,06-101-0003,7
39.13877300000001,-121.618549,2014,9.320382,8.991666714350382,9.16578702734148,8.973405479452055,15.032203731144945,11.058610540517256,9.60121039211095,9.780902524026947,CA,06-101-0003,7
39.13877300000001,-121.618549,2015,9.660909,8.716666539510092,9.45177541313559,9.892093424657537,15.856863259615965,10.736194227340562,9.701224987978463,11.601425905166929,CA,06-101-0003,7
36.33217899999999,-119.291228,2010,13.631667,12.90000013510386,12.9592349106204,12.647065753424656,11.285264497913726,15.348660000788106,9.73428137584047,13.245754762375611,CA,06-107-2002,8
36.33217899999999,-119.291228,2011,16.375893,14.900000095367432,14.5113468634686,13.763416438356163,9.918035159045704,17.17526322813831,9.758061052678704,13.069287247173738,CA,06-107-2002,8
36.33217899999999,-119.291228,2012,14.763248,12.508333206176758,12.9414829078801,12.48844262295082,9.248723947285304,16.49023414629953,10.011036060280995,13.572149016492576,CA,06-107-2002,8
36.33217899999999,-119.291228,2013,18.398291,15.008333206176758,17.1410423418424,15.852676712328767,13.498418548335769,19.933713736143684,9.62317957327916,14.11559241342426,CA,06-107-2002,8
36.33217899999999,-119.291228,2014,17.862097,14.491666634877523,16.0094285238624,16.387950684931507,11.141424898905298,21.695971338248302,9.491665482848555,14.60986623946653,CA,06-107-2002,8
36.33217899999999,-119.291228,2015,16.119231,13.483333428700766,14.3936832807571,15.655491506849316,15.101764455886736,17.51521395245882,9.575207479707489,18.665762666872357,CA,06-107-2002,8
38.661210000000004,-121.73269,2010,5.676667,6.749999980131785,6.15241126151013,6.916268493150685,13.40356347724183,6.285566979855695,9.617413982912735,6.92948836300938,CA,06-113-1003,9
38.661210000000004,-121.73269,2011,7.466102,8.25,7.75642800184162,8.267413698630136,14.001776113902054,6.814580349596676,8.919067244280825,6.940704702381757,CA,06-113-1003,9
38.661210000000004,-121.73269,2012,6.470968,7.041666666666667,7.21451921731123,7.594737704918033,14.820587432449631,6.791143937715924,8.021354520157592,7.292332048263726,CA,06-113-1003,9
38.661210000000004,-121.73269,2013,7.191228,8.116666634877523,8.8924820718232,9.034504109589042,14.027466478086495,8.238222904244497,8.032290828751993,7.611580027991032,CA,06-113-1003,9
38.661210000000004,-121.73269,2014,5.885965,7.424999992052714,6.56335346224678,8.747008219178083,15.114032439662983,6.487661916699508,8.596240917896177,7.756841495442761,CA,06-113-1003,9
38.661210000000004,-121.73269,2015,7.625424,8.125,8.32032839779006,9.478805479452054,15.767334285500931,8.65346337126509,8.902079636251534,8.93497033409612,CA,06-113-1003,9
37.13678,-107.62863,2010,4.066667,4.4249999324480696,4.22797228589033,5.008342465753425,6.493175909617176,4.685192707125962,3.5537706973788503,5.886383092979682,CO,08-067-7001,10
37.13678,-107.62863,2015,2.95,4.066666682561238,3.1141258780037,4.983176438356164,7.487291880829693,3.0425631005308937,4.236976067770969,5.636756208125351,CO,08-067-7001,10
37.10258,-107.870219,2010,4.301754,4.350000003973643,3.9073655243821,5.080942465753425,6.270043240507988,3.82837323494689,4.0802908428422695,5.98661717557446,CO,08-067-7003,1
37.10258,-107.870219,2012,3.895833,4.999999980131785,3.89653041337386,5.173062841530054,8.255755674643595,4.228163481682072,5.326930593137872,6.164007753877409,CO,08-067-7003,1
37.10258,-107.870219,2014,3.492727,4.1333333651224775,2.80902216413374,4.821575342465754,6.154891719230234,3.664463793915927,4.279312510903065,5.776548170722004,CO,08-067-7003,1
37.10258,-107.870219,2015,3.140678,4.0166667103767395,2.96668263193053,5.056299452054795,7.32128310530153,2.841329458425004,4.958372867041891,5.733995565705122,CO,08-067-7003,1
39.063798,-108.561173,2010,8.99916,5.766666650772095,6.05220963196635,6.8280520547945205,6.319643294974549,8.07059805236696,6.438170460226772,7.131458976711122,CO,08-077-0017,2
39.063798,-108.561173,2011,7.081818,5.649999936421712,6.78147040665434,6.395794520547946,6.806648668197736,6.960810260787548,6.350580421777872,7.32985163652362,CO,08-077-0017,2
39.063798,-108.561173,2012,7.32549,6.208333333333333,6.93725262476895,5.753535519125683,8.441070687575419,6.513424009751027,6.228860197981743,7.597448531832407,CO,08-077-0017,2
39.063798,-108.561173,2013,8.930159,5.8416666984558105,8.1626568207024,5.941312328767124,6.467281080925301,6.749362746553746,5.72936830841578,7.286022872118422,CO,08-077-0017,2
39.063798,-108.561173,2014,6.329167,5.649999976158142,5.98086408502773,6.2841726027397264,6.297159944495109,6.605467522205762,5.15640849169794,6.990912458551553,CO,08-077-0017,2
39.063798,-108.561173,2015,5.663866,5.4000000556310015,5.24242085027726,6.516397808219178,7.586476528154661,6.229140329323591,5.859590393828822,7.161953585197591,CO,08-077-0017,2
37.35005399999999,-108.592334,2010,5.923729,4.666666706403096,5.52669918571429,5.395931506849315,5.854475153962227,8.97797866396848,3.5123888607863543,6.071423261047334,CO,08-083-0006,3
37.35005399999999,-108.592334,2011,6.066102,4.8333333532015486,5.23587232316227,5.348284931506849,6.732811815444737,8.542235233901815,3.53190669212695,6.105839552075683,CO,08-083-0006,3
37.35005399999999,-108.592334,2012,5.623333,5.3166666229565935,5.0300360887656,4.894527322404372,7.583049438690227,6.3291358804194,3.843308942122002,6.238441379908279,CO,08-083-0006,3
37.35005399999999,-108.592334,2013,6.113333,4.8333333532015486,5.41503137309293,4.65112602739726,6.305791685679187,5.909064262028762,3.4065614943648432,5.96702414086677,CO,08-083-0006,3
37.35005399999999,-108.592334,2014,5.192982,4.583333313465118,4.41658703190014,4.755257534246575,5.749517847087286,7.0875384815210465,3.164488142172059,5.835192248553763,CO,08-083-0006,3
39.52508300000001,-119.80771700000001,2010,5.948718,7.858333428700765,6.7945815917465,6.292575342465754,5.618111109896882,6.0173677005461235,8.635783855567922,7.875896518245812,NV,32-031-0016,5
39.52508300000001,-119.80771700000001,2011,6.517647,9.008333444595335,7.5411659100958,7.3905452054794525,6.055469087378619,6.239279181679683,8.877164916022794,7.945616557011792,NV,32-031-0016,5
39.52508300000001,-119.80771700000001,2012,5.8275,8.016666611035665,7.31501132645542,6.640636612021858,7.721222323798091,5.3698389005848295,5.873571990614068,7.901525268657756,NV,32-031-0016,5
39.52508300000001,-119.80771700000001,2013,9.954545,10.133333285649618,9.92007526897568,8.47054794520548,9.181226827020517,10.302131332594216,6.882713228464127,7.730746668069867,NV,32-031-0016,5
39.52508300000001,-119.80771700000001,2014,6.617355,8.40833330154419,6.90518307295505,7.795876712328767,8.793774920946932,7.368641208763131,6.3995392478920605,7.555988079582395,NV,32-031-0016,5
39.52508300000001,-119.80771700000001,2015,6.242975,8.358333468437195,6.59510555391433,7.491813972602739,8.974011795161521,7.296242953243143,6.683723067107437,9.08420619817462,NV,32-031-0016,5
35.13430000000001,-106.5852,2010,5.36231,5.633333404858907,5.41334861018364,6.123178082191781,6.585915886212701,5.377362327654318,14.80001588837131,7.367993891513602,NM,35-001-0023,6
35.13430000000001,-106.5852,2011,6.989286,6.950000047683716,6.64177000834725,7.492024657534246,9.291457231077429,6.7438521513448135,15.12177050113678,7.47055207803022,NM,35-001-0023,6
35.13430000000001,-106.5852,2012,7.360278,6.975000063578288,6.79618977045075,7.544909836065574,8.649512059701596,7.2163927001576,23.958596398732432,7.604335720797455,NM,35-001-0023,6
35.13430000000001,-106.5852,2013,5.751176,6.566666642824809,6.24905680717863,7.215928767123288,7.486419509208366,5.368739375008321,19.745471281009717,7.286081912184928,NM,35-001-0023,6
35.13430000000001,-106.5852,2014,6.57432,6.03333334128062,5.50226480383973,6.6085013698630135,7.119649877286937,6.0971030329965625,17.345161174679852,7.135630601386333,NM,35-001-0023,6
35.13430000000001,-106.5852,2015,6.613916,5.841666738192241,4.80891102671118,6.553705479452055,7.891500741488313,5.793297116533057,16.669897454780536,7.188333348219506,NM,35-001-0023,6
35.0631,-106.57878500000001,2010,5.182911,5.991666714350383,5.14550427224514,5.870293150684931,6.585915886212701,4.912439806073746,14.80001588837131,6.807882280788824,NM,35-001-0024,6
35.0631,-106.57878500000001,2011,6.731928,7.200000047683716,6.72877316440778,7.23642191780822,9.291457231077429,7.255493405208728,15.12177050113678,6.878140492530004,NM,35-001-0024,6
35.0631,-106.57878500000001,2012,7.287069,7.37500003973643,7.1295886034178,7.452131147540984,8.649512059701596,7.294107420857396,23.958596398732432,7.013219300988705,NM,35-001-0024,6
32.322036999999995,-106.768337,2010,4.791346,6.174999992052714,5.92902179462572,7.957794520547945,5.997836763564854,5.1121875102886944,15.333952952872266,7.03364573825788,NM,35-013-0025,4
32.322036999999995,-106.768337,2011,5.762376,7.358333349227905,7.22507352207294,9.723882191780822,10.215716718647576,7.346172332331315,15.570748489309144,7.044822076525247,NM,35-013-0025,4
32.322036999999995,-106.768337,2012,6.666327,6.774999976158142,7.86149571017274,9.6642295081967209,9.033548392884718,7.572472845277264,23.20778451553763,7.107091596645525,NM,35-013-0025,4
32.322036999999995,-106.768337,2013,6.596296,6.908333381017049,7.43006428023033,6.866287671232877,7.872688863048815,7.212693946972699,19.35308579691164,7.052762015417573,NM,35-013-0025,4
32.322036999999995,-106.768337,2014,5.315254,6.458333333333333,5.9199547696737,7.400660273972603,7.13979161210256,5.696653201414309,18.228906664219533,7.07668267741508,NM,35-013-0025,4
32.322036999999995,-106.768337,2015,4.744262,5.916666666666667,5.24185203454894,7.062664191780822,7.184357247940482,4.879920844552406,16.21296908043243,8.054763282478202,NM,35-013-0025,4
32.784518999999996,-108.272271,2010,4.4875,6,4.19669051258155,5.877134246575342,4.931062039447157,4.524101115067451,7.828026220202446,6.260016683250516,NM,35-017-1002,5
36.774162,-108.165034,2010,4.831683,5.116666654745738,4.70576688705234,6.325953424657534,6.270043240507988,5.536503477479143,12.602074976150806,5.1435251905390675,NM,35-045-0019,6
36.774162,-108.165034,2011,4.095413,5.325000007947286,4.31476114784206,7.1396931506849315,7.687036756620016,5.914037057154625,12.647183842711396,5.222737059335802,NM,35-045-0019,6
36.774162,-108.165034,2012,4.94537,5.3833333651224775,4.78037279155188,6.997767759562842,8.255755674643595,7.093190251883244,13.256667364460148,5.3188323228751955,NM,35-045-0019,6
36.774162,-108.165034,2013,4.986441,5.333333373069763,5.00485910009183,6.493679452054795,7.160681842451226,5.372938763227382,11.686570803215217,5.121907415890551,NM,35-045-0019,6
36.774162,-108.165034,2014,3.687069,4.841666718324025,3.63017423324151,6.417421917808219,6.154891719230234,5.457130600892311,10.263298910397747,4.988593133164799,NM,35-045-0019,6
36.774162,-108.165034,2015,3.553271,4.824999928474426,3.19701124885216,6.248461643835617,7.32128310530153,4.445158744390368,10.13194779413087,4.809103576531146,NM,35-045-0019,6
40.253611,-111.663056,2010,8.706686,7.816666642824809,8.11907997765363,8.59347397260274,7.086163388213066,9.12750611532818,7.2094353922120815,7.94102251962554,UT,49-049-0002,7
40.253611,-111.663056,2011,7.539871,7.441666682561238,7.58653222346369,7.809972602739726,7.688656383017971,8.600347236543044,7.494167805373014,8.031491508708722,UT,49-049-0002,7
40.253611,-111.663056,2012,8.08314,7.149999976158142,7.22088431284916,7.7441939890710385,11.321185648115604,8.131422588222096,6.423163508062493,8.169860744498681,UT,49-049-0002,7
40.253611,-111.663056,2014,7.255799,6.425000031789144,6.67694012290503,6.993024657534247,7.780189288152408,8.091913428044805,6.184694365649433,7.750469153333521,UT,49-049-0002,7
40.253611,-111.663056,2015,7.311218,6.725000063578288,6.39344753072626,7.279969863013699,8.708597413154498,7.005176597570865,6.544249660038686,7.604257615769919,UT,49-049-0002,7
40.13633599999999,-111.66050200000001,2010,8.835644,7.833333293596904,8.12962585905113,8.213531506849314,7.500295831079352,9.151456554999694,6.516592752475005,7.00377738161384,UT,49-049-5010,8
40.13633599999999,-111.66050200000001,2011,7.478947,7.475000103314717,7.3236444357439,7.422219178082192,7.350510174607577,8.094625017345564,6.668681548683198,7.0699476371689824,UT,49-049-5010,8
40.13633599999999,-111.66050200000001,2012,7.211765,7.225000023841858,7.33536623215108,7.313234972677596,11.077275655960126,7.634151996445341,5.63484061662465,7.176902230845481,UT,49-049-5010,8
40.13633599999999,-111.66050200000001,2014,6.321239,6.450000007947286,6.29495577614003,6.550167123287671,7.292988266357004,5.582801656412104,5.373382563446905,6.795943036620019,UT,49-049-5010,8
37.1983,-113.1506,2010,3.998588,4.100000003973643,3.05002014715719,5.462745205479452,6.682324889588029,3.4954968056634765,3.529617181887011,5.863157842132777,UT,49-053-0130,9
37.1983,-113.1506,2011,4.564478,4.650000095367432,3.43817499665552,5.66852602739726,6.6444578045035065,3.778321120651874,3.550070040173583,5.816025110407187,UT,49-053-0130,9
37.1983,-113.1506,2012,6.533851,4.7833333015441895,3.71642949832776,4.905494535519126,7.690452598157476,5.613323437550776,3.8896019292204342,5.900494283156393,UT,49-053-0130,9
39.18919,-121.99887000000001,2011,7.02963,8.958333412806192,6.38886028938907,7.1929698630136985,13.544739265964456,5.724918397934014,5.7842342629209975,7.074476438022235,CA,06-011-1002,10
39.18919,-121.99887000000001,2012,7.172881,8.775000015894571,7.1313489957265,6.634262295081967,15.043580281278476,5.242276290522102,5.5737034387784465,7.415035469798048,CA,06-011-1002,10
39.18919,-121.99887000000001,2013,7.048148,9.19166668256124,8.32987885077187,7.763854794520548,14.6595449094903,6.243160887655236,5.223564886948565,7.671118036384179,CA,06-011-1002,10
39.18919,-121.99887000000001,2014,7.184746,8.633333325386047,7.31969412311266,8.205671232876712,15.032203731144945,5.928259072616172,5.8176608960870855,7.730161792667456,CA,06-011-1002,10
39.18919,-121.99887000000001,2015,8.407273,9.474999984105429,6.66951085209003,8.799224383561643,15.856863259615965,8.093397358978697,6.23044086092121,9.099462651553038,CA,06-011-1002,10
39.23347700000001,-121.05560800000002,2011,4.259649,6.258333285649617,5.75091673346693,6.8728493150684935,11.823876333889896,4.332031782443076,7.035125343354194,7.085882991903276,CA,06-057-0005,1
39.23347700000001,-121.05560800000002,2012,3.83,5.600000003973643,4.98061315487572,6.116603825136612,12.122789169269833,3.7948251318206223,6.653100836195358,7.178177258308879,CA,06-057-0005,1
39.23347700000001,-121.05560800000002,2013,5.822807,6.541666706403096,6.07814401529637,7.711158904109589,13.32372677228222,5.364640205485208,6.680841156087079,7.245470373019507,CA,06-057-0005,1
39.23347700000001,-121.05560800000002,2015,4.55,6.5333333015441895,6.41353636746143,7.6143380821917805,13.91620964481406,4.766870931368264,6.834661910085233,8.48670210935247,CA,06-057-0005,1
35.04673,-120.58777000000002,2011,11.927697,9.166666706403095,7.19928556867375,8.462,13.726189472250743,9.820056191577756,5.860230244778015,9.388090455421915,CA,06-079-2007,6
35.04673,-120.58777000000002,2012,9.622663,7.766666730244954,6.40108990723562,7.245464480874317,14.68182193907232,8.49672174853973,5.565900989427958,9.875840164594369,CA,06-079-2007,6
35.04673,-120.58777000000002,2013,12.504444,9.274999976158142,7.72740061601643,8.530317808219179,15.020484433762014,12.038687282214935,5.821315654031523,10.137619193288913,CA,06-079-2007,6
35.04673,-120.58777000000002,2014,12.808357,9.40833338101705,6.68711951987406,9.412945205479453,14.881091380445923,8.79510510348729,5.715985462069511,10.331008966901544,CA,06-079-2007,6
35.04673,-120.58777000000002,2015,11.160446,8.924999992052713,7.23357759753593,8.574322465753424,15.399740757354316,8.11568012574794,5.885910888294597,11.72892627493197,CA,06-079-2007,6
37.642165,-120.99421200000002,2011,12.86,13.208333174387612,9.80052882430647,10.314386301369863,12.585581912733105,15.09472281961306,11.916414646001964,10.387430298683189,CA,06-099-0005,2
37.642165,-120.99421200000002,2012,10.353571,10.84166657924652,8.95788088741722,9.292303278688523,12.45295311844414,13.676380990056062,10.201617983922567,10.95121788198608,CA,06-099-0005,2
37.642165,-120.99421200000002,2013,13.49,14.266666571299234,11.4659349668874,11.777813698630135,13.773137360402982,15.786306526186957,11.219662430522206,11.396068187466197,CA,06-099-0005,2
37.642165,-120.99421200000002,2014,11.641379,10.525000055631002,9.64722764238411,11.3013698630137,13.29533727593618,13.117992586157698,10.808211250947071,11.669620258889692,CA,06-099-0005,2
37.642165,-120.99421200000002,2015,12.555172,12.291666865348816,9.928903125,12.339061369863014,14.104242437179774,10.723385699780591,11.256915657729891,14.03803123533986,CA,06-099-0005,2
36.141875,-115.078742,2011,8.1725,7.166666666666667,7.52656,9.30014794520548,7.780338961784154,9.399620940785242,13.581943527027802,9.219379164856315,NV,32-003-0540,10
36.141875,-115.078742,2012,8.600855,7.991666714350383,7.83032526315789,8.214560109289618,8.380948342586475,7.628613180088653,12.648079829673245,9.3009876016488775,NV,32-003-0540,10
36.141875,-115.078742,2013,8.235294,8.100000103314718,8.27521441135734,7.926090410958904,9.04567352778291,8.476133284514438,11.856394824090897,9.05052550660395,NV,32-003-0540,10
36.141875,-115.078742,2014,8.131818,8.650000055631002,8.04624690462259,8.765789041095891,7.798698725112497,9.11938826948076,12.349786222963544,8.87036230987617,NV,32-003-0540,10
36.141875,-115.078742,2015,8.009259,7.974999984105428,7.6906,7.424164657534247,9.077898149620998,8.53985457444693,12.695791382711011,11.02214850369764,NV,32-003-0540,10
36.72639000000001,-119.73300000000002,2011,17.001235,15.449999769528707,14.6898783549784,14.11654794520548,10.661643600463869,16.12666830517368,11.1559099145643,12.764008577994492,CA,06-019-5025,1
36.72639000000001,-119.73300000000002,2013,17.660674,15.900000174840292,16.9715449228561,15.520904109589042,13.854156313856986,18.09524092855686,10.876033148267767,13.78778693608763,CA,06-019-5025,1
36.72639000000001,-119.73300000000002,2014,13.830435,14.300000031789144,13.9814381316099,15.633386301369862,11.701420006033493,16.181068725160983,10.429950163259612,14.287176013164704,CA,06-019-5025,1
36.72639000000001,-119.73300000000002,2015,13.969828,14.566666801770529,13.3992588203463,15.528479178082192,13.26158059394523,14.400745057905285,10.957177386834072,18.509808229987847,CA,06-019-5025,1
40.086944,-108.761389,2011,9.812069,4.808333317438762,4.72796507526882,5.609369863013699,6.10600690515074,12.03833612356216,3.928303010597989,6.431281088800128,CO,08-103-0006,3
40.086944,-108.761389,2012,10.271212,5.574999988079071,5.44932325448029,5.2123387978142075,9.25241197849232,9.67195461904065,3.648694727845388,6.584514564379035,CO,08-103-0006,3
40.086944,-108.761389,2014,7.541231,4.866666694482167,4.30921787096774,5.641309589041096,6.047083342238649,9.79074058184981,3.083335426891898,6.099106447574226,CO,08-103-0006,3
40.086944,-108.761389,2015,8.107246,4.733333309491475,3.30873295340502,6.370567397260274,6.993543406055398,10.666599376083129,3.327303606402743,6.60193355389455,CO,08-103-0006,3
36.78538,-119.77321,2012,14.247826,12.866666674613953,12.3688774495677,12.827199453551913,10.94695956329179,14.626696685862868,11.807788106186749,13.366452492077332,CA,06-019-0011,1
36.78538,-119.77321,2013,16.893175,15.291666666666666,17.0683664484452,15.25518904109589,16.12250076254753,18.38570081741117,11.705444626100771,13.78778693608763,CA,06-019-0011,1
36.78538,-119.77321,2014,14.913913,13.87500003973643,14.3311665020576,15.334591780821915,12.705869378782298,16.67750733443281,11.4832109946471,14.287176013164704,CA,06-019-0011,1
36.78538,-119.77321,2015,14.456173,13.799999992052712,13.4103172817282,15.20295808219178,16.06377464843123,14.612385452408908,11.830780572943636,18.509808229987847,CA,06-019-0011,1
38.93567999999999,-121.09959,2012,5.114722,5.791666587193807,7.26565435802469,6.988046448087432,12.122789169269833,3.956387827265636,8.838020207783947,6.955755925392808,CA,06-061-0003,4
38.93567999999999,-121.09959,2013,6.524586,7.408333400885264,8.29211096183206,8.634816438356165,13.32372677228222,4.796445155056066,8.337637147405646,7.081516404590629,CA,06-061-0003,4
38.93567999999999,-121.09959,2014,6.669231,6.983333388964335,7.81759577862595,6.9970191780821915,13.118210157629562,5.074536745023244,8.80029952595686,7.175982067033749,CA,06-061-0003,4
38.93567999999999,-121.09959,2015,7.600281,7.300000031789144,6.25791199048374,8.23408493150685,13.91620964481406,7.391044339966516,8.544484655608187,8.446820028362774,CA,06-061-0003,4
33.94471300000001,-116.830074,2012,9.630409,9.549999912579857,6.52737854070661,8.03748087431694,10.856606600388805,10.31694618748534,6.758890634693511,9.33305897394776,CA,06-065-1016,5
33.94471300000001,-116.830074,2014,10.738905,10.05833339691162,6.64482406371912,8.823306849315069,10.873951826356862,13.062032304683916,6.309107801498293,9.247689678575744,CA,06-065-1016,5
33.94471300000001,-116.830074,2015,9.762011,8.758333325386047,7.04343477348066,8.17702484931507,12.382897528230329,10.288927779639229,5.649092451065451,9.967573487642197,CA,06-065-1016,5
39.021221,-122.28180300000001,2012,8.979819,5.824999948342641,7.10393369337979,5.62777868852459,14.099557874958371,8.456317748536634,3.8055176990387376,6.673980083091617,CA,06-011-0007,6
39.021221,-122.28180300000001,2013,7.391291,5.574999988079071,8.02254738879736,6.32313698630137,11.178043933763895,6.773539179909447,3.5644821493917114,6.93833806721999,CA,06-011-0007,6
39.021221,-122.28180300000001,2014,6.477876,5.458333412806193,5.90255768488746,6.872391780821918,12.158581315001395,7.267527095955426,3.9672499514737543,6.936040278441659,CA,06-011-0007,6
39.021221,-122.28180300000001,2015,6.575075,6.050000071525574,8.29849887547649,7.38643205479452,12.812086609618303,7.41980714624042,4.4976093252854685,7.716463844116367,CA,06-011-0007,6
39.021221,-122.28180300000001,2015,6.575075,6.050000071525574,8.29849887547649,7.38643205479452,12.812086609618303,7.41980714624042,4.4976093252854685,7.716463844116367,CA,06-011-0007,6
39.021221,-122.28180300000001,2015,6.743114,6.050000071525574,8.29849887547649,7.38643205479452,12.812086609618303,7.41980714624042,4.4976093252854685,7.716463844116367,CA,06-011-0007,6
39.021221,-122.28180300000001,2015,6.743114,6.050000071525574,8.29849887547649,7.38643205479452,12.812086609618303,7.41980714624042,4.4976093252854685,7.716463844116367,CA,06-011-0007,6
33.447867,-117.08864899999999,2012,6.358475,9.40000013510386,6.96913904036558,9.307568306010928,13.061491326881889,5.877148258688907,7.97708326888411,8.096599283214289,CA,06-065-0009,5
33.447867,-117.08864899999999,2013,8.51437,9.65833334128062,7.41940439986043,9.049613698630138,13.580792010973578,8.735790283015755,6.94274748648916,8.071159740969627,CA,06-065-0009,5
33.447867,-117.08864899999999,2015,11.496575,9.12500007947286,6.0305854077593,8.83767397260274,13.963091452480995,13.618290484242568,6.653774233964773,8.49467051167871,CA,06-065-0009,5
39.540917,-119.74676099999999,2012,9.050137,7.800000031789144,7.6347182125,6.768314207650273,7.721222323798091,9.27217010929201,5.855956556535747,8.666624553748603,NV,32-031-1005,5
39.540917,-119.74676099999999,2013,12.276081,9.78333334128062,9.7525445875,8.452156164383561,9.181226827020517,14.124325846909818,6.634893988514994,8.464775476669187,NV,32-031-1005,5
39.540917,-119.74676099999999,2014,8.685596,8.216666658719381,7.032099275,7.980380821917808,8.793774920946932,9.462071343295367,6.251105200703982,8.276140909599176,NV,32-031-1005,5
39.540917,-119.74676099999999,2015,7.79478,7.958333333333333,6.29764,7.624416438356165,8.974011795161521,7.139392317208176,6.775795789865347,10.098831202460314,NV,32-031-1005,5
39.868622,-109.097302,2012,4.94,5.51666663090388,4.79704534216336,5.2123387978142075,9.589411798396398,4.168660917302467,3.436725866059734,6.1921055736002595,UT,49-047-5632,7
39.761680000000005,-121.84047000000001,2013,10.166667,8.633333365122477,9.50031295093297,8.941515068493151,12.45744825715888,10.776226589838084,7.779367312297716,9.180245447461758,CA,06-007-0008,8
39.761680000000005,-121.84047000000001,2014,8.807407,7.283333301544189,8.48852975719424,8.569945205479453,12.67285270331657,8.641875993681955,8.410259037964291,9.100967709433734,CA,06-007-0008,8
39.761680000000005,-121.84047000000001,2015,9.169578,8.216666658719381,7.93355666666667,9.376644383561644,12.728359696963064,9.604140555284127,8.49149966436428,10.85787551692691,CA,06-007-0008,8
32.842318,-116.76829300000001,2013,7.937861,7.441666603088379,6.2330950984975,8.265753424657534,14.290531256427505,7.308851379348368,8.385039226530672,7.410012739564078,CA,06-073-1006,8
32.845709,-117.12396399999999,2013,8.316102,8.466666579246521,9.50612229116945,9.86866301369863,14.290531256427505,8.825228450405923,11.991067596844264,8.80593385701185,CA,06-073-1016,4
32.845709,-117.12396399999999,2014,8.224576,7.925000031789144,8.41703962410501,10.261860273972603,14.473434812728671,8.770693864480801,13.043539391769158,8.93326755078221,CA,06-073-1016,4
32.845709,-117.12396399999999,2015,7.254867,7.950000087420146,7.60476119978575,8.86802301369863,14.199213325160825,8.003197284508968,11.923826687938565,9.211289285323163,CA,06-073-1016,4
37.21359999999999,-119.699065,2013,10.040974,9.825000127156576,6.43065686311787,8.849687671232877,16.12250076254753,8.906661067883476,5.108576852214205,7.324857496232795,CA,06-039-0500,9
37.348497,-121.894898,2013,10.6,10.925000031789144,10.5250928256071,9.998183561643836,15.130736113247806,12.002489715800102,14.283575303606934,9.344059729483524,CA,06-085-0005,10
37.348497,-121.894898,2014,9.252101,8.458333293596903,8.90211316593886,7.965643835616438,14.88404962200008,7.962413349551217,14.566388026698606,9.469990998853577,CA,06-085-0005,10
37.348497,-121.894898,2015,10.625641,9.275000015894571,10.4437471474704,8.601635342465753,15.54383241444418,10.157862563697302,14.6085880785198,10.38981118887506,CA,06-085-0005,10
39.43806,-108.02611000000002,2013,3.890028,5.416666626930237,4.78431683098592,4.799665753424658,6.152516190973047,3.739884567896783,4.337759820478303,5.008703861492739,CO,08-045-0019,1
39.43806,-108.02611000000002,2014,3.834358,5.058333337306976,3.97113672535211,4.489583561643836,6.037881813310597,3.691706418545648,3.8878082641205944,4.820680209627129,CO,08-045-0019,1
39.532004,-119.78498200000001,2013,11.445682,10.041666706403095,9.69733794297352,8.483221917808219,9.181226827020517,11.71140374958349,6.882713228464127,8.464775476669187,NV,32-031-0022,5
35.01708,-106.65739,2013,8.661337,6.866666754086812,6.38641300344658,7.214367123287671,7.486419509208366,8.35256985220975,9.419154875226074,7.325003144503123,NM,35-001-0029,6
35.01708,-106.65739,2014,7.391798,6.208333293596904,5.81774211225997,6.6753835616438355,7.119649877286937,6.853881594122929,8.152597652031826,7.1948378001708155,NM,35-001-0029,6
35.01708,-106.65739,2015,6.373021,6.0583332777023315,4.74873612013786,6.464643561643836,7.891500741488313,5.728533898473781,8.10777755179903,7.216775392329465,NM,35-001-0029,6
36.819449,-119.716433,2014,13.756881,13.22499986489614,13.1086,14.503383561643837,12.705869378782298,15.41489875133887,9.189055264978618,13.91078175416666,CA,06-019-5001,1
36.819449,-119.716433,2015,12.851613,14.183333357175192,12.6582629482072,14.68534,16.06377464843123,16.892465562001288,9.21627613214346,17.64515050991979,CA,06-019-5001,1
37.30832000000001,-120.480456,2014,11.306796,11.44166652361552,10.5469891248391,11.113030136986302,13.9498635200605,10.74629277760996,10.509623453839795,11.11256437522784,CA,06-047-2510,2
37.30832000000001,-120.480456,2015,12.712931,12.633333444595335,11.5172525996534,12.785911506849317,14.038196363841015,12.687498182292778,10.7653036576051,14.23280949409265,CA,06-047-2510,2
35.54001699999999,-113.410782,2014,3.173469,5.408333261807759,3.40665263975155,4.032427397260274,6.777029931708558,3.597785701010257,3.5377774189461717,6.049306735459575,AZ,04-015-1000,3
39.81336,-120.47069000000002,2014,15.734545,10.550000071525574,6.5318256279509,7.20898904109589,9.318805108658257,16.487310029339636,3.973759525803501,9.698990446184018,CA,06-063-1010,9
39.81336,-120.47069000000002,2015,13.667677,9.80833343664805,4.60785709886548,7.6518095068493155,9.325769250360256,15.94512788342442,4.212809447035357,10.77773546533398,CA,06-063-1010,9
34.44551,-119.82840000000002,2014,7.756598,8.00000007947286,7.84340961007798,8.38455890410959,12.643504722151038,7.694168932426409,5.2833646812609265,8.852192078091138,CA,06-083-2011,4
34.44551,-119.82840000000002,2015,8.227246,8.083333373069763,8.32382470689655,8.27088602739726,13.093462160188858,8.158876068018527,5.24527376120562,9.746089657632997,CA,06-083-2011,4
36.357786,-115.362234,2014,2.895965,6.391666650772095,4.79042873015873,5.271219178082192,6.311111005038431,2.0963520501645156,4.936669359495352,4.405890656849468,NV,32-003-8000,5
36.357786,-115.362234,2015,0.400304,5.783333381017049,4.10329017857143,3.8722001095890417,7.323123784261207,0.6171963614700892,4.964547722057982,5.427937323393217,NV,32-003-8000,5
38.897557,-119.732507,2014,8.185165,6.266666690508525,6.3254451804878,6.776079452054795,8.51893403562781,8.374089177909548,4.398416696198203,7.251734078384201,NV,32-005-0007,6
38.897557,-119.732507,2015,10.060194,6.133333285649617,5.12712072669826,7.321971342465753,9.283945186170811,8.68354034377864,4.600512915649093,8.610074589053644,NV,32-005-0007,6
39.1447,-119.76610000000001,2014,5.455769,6.400000095367432,5.74142886591061,6.82146301369863,8.51893403562781,5.242616541225292,5.60687962362727,6.619421366867674,NV,32-510-0020,7
39.1447,-119.76610000000001,2015,4.712363,6.34166665871938,4.86520140760507,6.396523589041096,9.283945186170811,4.721692042158292,5.964650172330848,7.722794994248021,NV,32-510-0020,7
37.179125,-113.305096,2014,4.011765,5.591666618982951,3.77736256909548,4.588254794520548,6.2621728335341365,3.4626864325302704,5.300125394384939,5.917868418260581,UT,49-053-0007,8
37.179125,-113.305096,2015,3.806383,5.516666730244954,3.60059913316583,4.6009721643835615,8.116621300292342,4.332614159000563,5.418940654004013,6.22471568490547,UT,49-053-0007,8
33.859662,-118.200707,2015,12.68631,13.46666661898295,12.036013117284,12.307033698630136,20.135145657683072,16.296245261577177,16.537650977517224,14.700904032496696,CA,06-037-4008,2
35.385574,-119.015009,2015,16.410811,14.758333285649618,14.9668481441441,13.47571506849315,12.26009976047359,18.249280663710714,9.698303804292784,17.576744839776136,CA,06-029-0010,3
36.953256,-120.03420300000002,2015,11.730833,12.200000087420143,10.8645300464037,13.740985205479452,16.06377464843123,15.327696423206646,8.40141468847191,15.581649851241506,CA,06-039-2010,9
34.030833,-117.61722000000002,2015,14.275074,15.024999936421713,10.1662538189176,12.90847506849315,16.52952377698193,17.80848472893229,14.862515127265846,13.45059389667506,CA,06-071-0027,10
32.817978,-116.968133,2015,8.236449,8.850000023841858,7.99976853118712,8.465155342465753,14.199213325160825,9.956687595764429,13.426274520355266,11.147928379145965,CA,06-073-1018,3
34.63782,-120.4575,2015,7.065318,6.583333253860474,8.39942556868538,7.789941095890411,18.293372884515215,7.322720827406968,5.423392377384416,10.3379334211119,CA,06-083-2004,10
32.003712,-106.599715,2015,6.639831,6.133333325386047,6.04322912162162,7.352016164383562,7.839644621496332,6.406894709904127,7.638639297622901,7.800156316128701,NM,35-013-0016,1
31.796218,-106.584434,2015,9.852187,6.466666618982951,5.60486627131208,8.259572054794521,7.839644621496332,7.964939803856915,8.112053069112065,8.929434647055027,NM,35-013-0021,2
